year,bz_mean_unweighted,bz_mean_weighted,global_mean_unweighted,global_mean_weighted,gap_unweighted,gap_weighted,gap_difference
1960,68.09751219512196,69.08533042910159,57.471022427810496,48.330099223721966,10.626489767311469,20.755231205379623,-10.128741438068154
1961,68.50519024390245,69.6347487502142,58.15683508869181,50.54074489300192,10.34835515521064,19.09400385721228,-8.745648702001638
1962,68.47215121951221,69.54150764115502,58.511792128603105,53.63369145535483,9.960359090909108,15.907816185800193,-5.947457094891085
1963,68.75350731707317,69.7533351520328,58.84057246986264,54.054930690392005,9.91293484721053,15.698404461640799,-5.785469614430269
1964,69.12706341463416,70.1808884662195,59.33514213624894,54.518796240022354,9.791921278385225,15.662092226197146,-5.870170947811921
1965,69.36097073170734,70.22672871978176,59.57286851696101,54.28889616980743,9.788102214746331,15.937832549974331,-6.149730335228
1966,69.79013170731709,70.52586569483765,60.12043375831486,54.88636395883381,9.669697949002227,15.639501736003837,-5.969803787001609
1967,69.96853170731708,70.86315006067794,60.554245288248346,55.399749096023434,9.414286419068738,15.463400964654504,-6.049114545585766
1968,69.90518536585367,70.5456198418477,60.78892738359202,55.97299996435535,9.11625798226165,14.572619877492343,-5.4563618952306925
1969,70.30383902439026,70.94058536467871,60.995416019955655,56.341540604225806,9.308423004434601,14.599044760452905,-5.290621756018304
1970,70.7507268292683,71.24859014573374,61.202623614190685,56.6235427756464,9.548103215077617,14.625047370087344,-5.076944155009727
1971,71.20066829268292,71.70563587764825,61.39414024390244,56.64755842695474,9.806528048780478,15.05807745069351,-5.2515494019130315
1972,71.41107317073171,71.86589408724883,62.02257150776054,57.65073941520413,9.388501662971173,14.215154672044704,-4.826653009073532
1973,71.66289756097561,72.01908316555914,62.3834977827051,58.15618959936057,9.279399778270509,13.862893566198565,-4.583493787928056
1974,72.24060975609756,72.57053919677288,62.715086751662966,58.58157134314369,9.52552300443459,13.988967853629191,-4.463444849194602
1975,72.63068780487806,73.08152574128444,63.04369733924613,59.089770173454426,9.586990465631935,13.991755567830012,-4.404765102198077
1976,73.03195121951221,73.40267203055821,63.22505266075388,59.44389924704494,9.806898558758327,13.958772783513268,-4.151874224754941
1977,73.41518536585366,73.83856732291947,63.87488858093126,60.078200775009364,9.540296784922397,13.76036654791011,-4.220069762987713
1978,73.80521463414634,74.05058210070504,64.10363331485588,60.471779471874484,9.701581319290455,13.578802628830559,-3.8772213095401042
1979,74.20923414634149,74.49587566483395,64.3994977827051,60.91245592175814,9.80973636363639,13.583419743075808,-3.7736833794394187
1980,74.21650243902441,74.34673262946686,64.61420953436807,61.28460107673125,9.602292904656338,13.062131552735607,-3.4598386480792698
1981,74.62304390243904,74.74926232152224,64.85379711751663,61.671760171420644,9.769246784922402,13.077502150101594,-3.3082553651791926
1982,75.02339024390247,75.14937734481825,64.94642710643016,62.060575123021316,10.076963137472305,13.088802221796932,-3.0118390843246274
1983,75.15020487804877,75.2043916816959,65.32633342572063,62.380791970971416,9.823871452328135,12.82359971072448,-2.9997282583963454
1984,75.51655121951221,75.47193603940676,65.55489828159646,62.71544459579537,9.961652937915744,12.756491443611388,-2.794838505695644
1985,75.69093658536588,75.56631948499447,65.81033148558758,63.04054696770202,9.880605099778293,12.525772517292445,-2.645167417514152
1986,75.96661463414637,75.76912898253539,66.28205709534369,63.4649148964514,9.684557538802679,12.304214086083995,-2.6196565472813163
1987,76.13894634146345,76.01910021698183,66.63768874722838,63.85996751308183,9.50125759423507,12.1591327039,-2.6578751096649285
1988,76.39610731707319,76.03536575799711,66.86157150776054,64.14382424571076,9.534535809312644,11.891541512286352,-2.3570057029737086
1989,76.62858536585368,76.34351746122549,67.16071092017738,64.43418120050812,9.467874445676301,11.909336260717367,-2.441461815041066
1990,76.81109268292684,76.49464956034826,67.26965825942351,64.60831520657894,9.541434423503333,11.886334353769328,-2.3448999302659956
1991,76.95915609756098,76.64035893850829,67.53136973392462,64.86681578400787,9.427786363636358,11.773543154500416,-2.3457567908640584
1992,77.1769512195122,76.84467567685392,67.5120185698448,65.1736217899161,9.664932649667406,11.671053886937827,-2.0061212372704205
1993,77.23007317073173,76.82338858075472,67.64707344789358,65.40294511040588,9.582999722838153,11.420443470348843,-1.8374437475106902
1994,77.44126341463416,77.06784978476809,67.9687649667406,65.65170726056725,9.472498447893571,11.416142524200836,-1.9436440763072653
1995,77.47082926829269,77.04758593310751,68.16842793791574,65.95656271963472,9.302401330376952,11.091023213472795,-1.7886218830958427
1996,77.77638048780487,77.50291775683974,68.49964523281596,66.30145003521741,9.276735254988907,11.201467721622322,-1.9247324666334151
1997,78.08347804878049,77.8308273292459,68.72688664079823,66.63418802088864,9.356591407982265,11.196639308357263,-1.8400479003749979
1998,78.15311707317076,77.94536529668994,68.91822228381376,66.93748349947165,9.234894789357,11.007881797218289,-1.772987007861289
1999,78.30281951219513,77.9864156814197,69.12443902439024,67.179685427432,9.178380487804887,10.806730253987695,-1.628349766182808
2000,78.53910731707317,78.2139026514961,69.44379046563193,67.51147599252305,9.09531685144124,10.702426658973053,-1.6071098075318133
2001,78.87531219512195,78.46836459893922,69.73891879157428,67.82049851963289,9.136393403547672,10.647866079306326,-1.5114726757586538
2002,79.08740975609756,78.61279100513563,70.0137477827051,68.13141875301652,9.073661973392461,10.481372252119115,-1.407710278726654
2003,79.16699512195122,78.66210569185749,70.2539312638581,68.40266081359877,8.91306385809311,10.25944487825872,-1.3463810201656088
2004,79.56991219512196,79.09261173777283,70.64724889135256,68.67336151186873,8.922663303769397,10.419250225904094,-1.4965869221346964
2005,79.6683756097561,79.07351464381527,70.94385282705099,69.04185793043992,8.724522782705108,10.031656713375355,-1.307133930670247
2006,79.95614146341464,79.34314612946693,71.24937195121952,69.40404073969768,8.706769512195123,9.939105389769253,-1.2323358775741298
2007,80.09320975609756,79.58064215175233,71.56712721729491,69.75102761391608,8.526082538802655,9.82961453783625,-1.303531999033595
2008,80.24619512195122,79.64229418240197,71.88268015521065,69.95383742963615,8.363514966740567,9.688456752765816,-1.3249417860252493
2009,80.50361951219514,79.95738157946843,72.30798281596452,70.37525645153434,8.195636696230622,9.582125127934091,-1.3864884317034694
2010,80.63250731707319,80.07022201560868,72.65092045454546,70.68759084118547,7.981586862527735,9.38263117442321,-1.4010443118954754
2011,80.75523902439025,80.08792407381843,73.00456624168515,71.00582400895154,7.750672782705095,9.082100064866893,-1.3314272821617976
2012,80.92714634146343,80.2722093824559,73.20467960088693,71.27719176827998,7.722466740576493,8.995017614175921,-1.2725508735994282
2013,81.24760487804878,80.39077563914589,73.4994090909091,71.55637845718354,7.748195787139679,8.834397181962345,-1.086201394822666
2014,81.42717560975608,80.55379737208548,73.80211917960088,71.84673630241244,7.6250564301551975,8.707061069673045,-1.082004639517848
2015,81.29432682926829,80.4330154533945,73.93490659645232,72.0688960858684,7.359420232815964,8.3641193675261,-1.0046991347101368
2016,81.42872195121952,80.4598259427342,74.18818320399113,72.31032308828755,7.240538747228385,8.149502854446652,-0.9089641072182673
2017,81.3733853658537,80.44212427872073,74.42927328159645,72.5196828731386,6.944112084257242,7.92244140558212,-0.9783293213248783
2018,81.61482926829268,80.57944533864512,74.69899473392461,72.8014587268238,6.915834534368074,7.777986611821319,-0.8621520774532456
2019,81.71534634146342,80.71258715568092,74.97063386917961,73.05124410487021,6.744712472283808,7.661343050810714,-0.916630578526906
2020,80.94968292682927,79.46983405034888,74.17741768292684,72.37292539502398,6.7722652439024245,7.096908655324896,-0.3246434114224712
2021,80.31082926829268,79.0370335410937,73.32242100886918,71.3265827897369,6.988408259423494,7.710450751356802,-0.7220424919333084
2022,80.84685853658536,79.63851722644165,74.89833314855876,73.29374350550412,5.948525388026596,6.344773720937525,-0.396248332910929
2023,81.69243414634145,80.3689540912632,75.50354129711751,73.56995313019002,6.188892849223947,6.79900096107319,-0.6101081118492431
