bz_country,region,year,bz_le,regional_mean,regional_std,regional_max,advantage_over_region,n_peers,rank_in_region,total_in_region
JPN,East Asia & Pacific,1960,67.6956097560976,55.01210881801126,10.903186335988075,71.2365853658537,12.68350093808634,13,3,14
JPN,East Asia & Pacific,1961,68.3519512195122,55.929084427767364,9.802610867812712,70.9853658536585,12.422866791744838,13,3,14
JPN,East Asia & Pacific,1962,68.6348780487805,57.12182551594747,8.647922957638217,71.2317073170732,11.513052532833022,13,3,14
JPN,East Asia & Pacific,1963,69.7124390243902,57.44301500938088,8.42327521955117,71.280487804878,12.269424015009328,13,3,14
JPN,East Asia & Pacific,1964,70.2065853658537,57.89537711069416,8.203164138765521,71.3292682926829,12.311208255159535,13,3,14
JPN,East Asia & Pacific,1965,70.2668292682927,57.71803939962476,8.816298798448448,71.2268292682927,12.548789868667939,13,3,14
JPN,East Asia & Pacific,1966,70.9158536585366,58.41074671669796,7.972067734245817,71.1243902439025,12.505106941838648,13,2,14
JPN,East Asia & Pacific,1967,71.4660975609756,59.314735459662295,7.522195543374742,71.4731707317073,12.151362101313303,13,2,14
JPN,East Asia & Pacific,1968,71.6109756097561,59.311881801125715,7.497496863825047,71.1243902439025,12.299093808630381,13,1,14
JPN,East Asia & Pacific,1969,71.8580487804878,59.855371482176366,7.202684290307135,71.4731707317073,12.00267729831144,13,1,14
JPN,East Asia & Pacific,1970,71.919756097561,60.23452908067542,7.006948771901142,71.2731707317073,11.685227016885584,13,1,14
JPN,East Asia & Pacific,1971,72.8090243902439,60.68368292682927,6.878860698655044,71.7731707317073,12.125341463414635,13,1,14
JPN,East Asia & Pacific,1972,73.1536585365854,60.72939587242027,7.086107952462725,71.8292682926829,12.424262664165127,13,1,14
JPN,East Asia & Pacific,1973,73.2951219512195,61.276607879924946,6.672586427273391,71.8468292682927,12.018514071294554,13,1,14
JPN,East Asia & Pacific,1974,73.6721951219512,61.62099061913697,6.720987291814641,72.2360975609756,12.051204502814237,13,1,14
JPN,East Asia & Pacific,1975,74.2470731707317,62.592234521576,6.357489152656825,72.6253658536586,11.654838649155693,13,1,14
JPN,East Asia & Pacific,1976,74.6865853658537,63.07969793621013,6.312608037383959,73.0146341463415,11.606887429643571,13,1,14
JPN,East Asia & Pacific,1977,75.2558536585366,63.54775422138835,6.16030762815574,73.3443902439024,11.708099437148242,13,1,14
JPN,East Asia & Pacific,1978,75.5846341463415,63.96075234521576,6.201811862475184,73.6741463414634,11.62388180112574,13,1,14
JPN,East Asia & Pacific,1979,76.1087804878049,64.25217636022514,6.122286203271171,74.0039024390244,11.856604127579772,13,1,14
JPN,East Asia & Pacific,1980,75.9890243902439,64.61411632270168,6.0839497912522305,74.3336585365854,11.374908067542222,13,1,14
JPN,East Asia & Pacific,1981,76.3948780487805,65.0035009380863,6.158927183883299,74.6634146341463,11.391377110694194,13,1,14
JPN,East Asia & Pacific,1982,76.8736585365854,65.3484765478424,6.095600198540719,74.9048780487805,11.525181988743,13,1,14
JPN,East Asia & Pacific,1983,76.9219512195122,65.74560600375234,6.031969708752342,75.1463414634146,11.176345215759852,13,1,14
JPN,East Asia & Pacific,1984,77.2912195121951,66.16583864915572,6.050240121500525,75.3878048780488,11.125380863039382,13,1,14
JPN,East Asia & Pacific,1985,77.5604878048781,66.53953095684803,5.976833497759476,75.6292682926829,11.020956848030067,13,1,14
JPN,East Asia & Pacific,1986,78.0104878048781,66.8643358348968,6.019003713256347,75.8707317073171,11.14615196998129,13,1,14
JPN,East Asia & Pacific,1987,78.429512195122,67.1982382739212,6.004745910498503,76.1517073170732,11.231273921200795,13,1,14
JPN,East Asia & Pacific,1988,78.349756097561,67.54149343339587,6.001294713201232,76.4326829268293,10.808262664165127,13,1,14
JPN,East Asia & Pacific,1989,78.7685365853659,67.88039774859287,5.990769277267382,76.7136585365854,10.888138836773024,13,1,14
JPN,East Asia & Pacific,1990,78.8370731707317,68.14979737335835,6.064329079408671,76.9946341463415,10.687275797373346,13,1,14
JPN,East Asia & Pacific,1991,79.0368292682927,68.49084615384615,6.121937652686235,77.2756097560976,10.545983114446557,13,1,14
JPN,East Asia & Pacific,1992,79.080243902439,68.79571857410882,6.065608313183807,77.3780487804878,10.284525328330176,13,1,14
JPN,East Asia & Pacific,1993,79.3036585365854,69.12416135084428,6.06953509486932,77.8780487804878,10.179497185741127,13,1,14
JPN,East Asia & Pacific,1994,79.6968292682927,69.38346904315198,6.046822460904705,77.8780487804878,10.313360225140727,13,1,14
JPN,East Asia & Pacific,1995,79.5360975609756,69.59304127579736,5.9532823585405374,77.8292682926829,9.943056285178244,13,1,14
JPN,East Asia & Pacific,1996,80.219756097561,69.87601500938088,5.927945136804754,78.0780487804878,10.343741088180124,13,1,14
JPN,East Asia & Pacific,1997,80.4241463414634,70.20951031894934,5.987563624529527,78.4804878048781,10.214636022514057,13,1,14
JPN,East Asia & Pacific,1998,80.5014634146342,70.4626885553471,6.186090825311567,78.6317073170732,10.038774859287102,13,1,14
JPN,East Asia & Pacific,1999,80.4609756097561,70.73545590994372,6.065957628802757,78.9317073170732,9.72551969981238,13,1,14
JPN,East Asia & Pacific,2000,81.0760975609756,70.99566979362102,6.213765470764154,79.2341463414634,10.080427767354578,13,1,14
JPN,East Asia & Pacific,2001,81.4163414634146,71.24255722326454,6.281832913419174,79.6341463414634,10.173784240150056,13,1,14
JPN,East Asia & Pacific,2002,81.6907317073171,71.41661538461538,6.392093188539187,79.9365853658537,10.274116322701715,13,1,14
JPN,East Asia & Pacific,2003,81.76,71.68161726078799,6.470182432186037,80.2390243902439,10.078382739212017,13,1,14
JPN,East Asia & Pacific,2004,82.030243902439,71.7701632270169,6.670844240206441,80.490243902439,10.260080675422103,13,1,14
JPN,East Asia & Pacific,2005,81.9551219512195,72.22486303939962,6.649268126138357,80.8414634146341,9.730258911819874,13,1,14
JPN,East Asia & Pacific,2006,82.3219512195122,72.43392307692308,6.698477642837432,81.0414634146342,9.888028142589121,13,1,14
JPN,East Asia & Pacific,2007,82.5070731707317,72.70160600375235,6.716210905917338,81.2926829268293,9.805467166979355,13,1,14
JPN,East Asia & Pacific,2008,82.5875609756098,72.43358911819887,7.679687569237378,81.3951219512195,10.153971857410937,13,1,14
JPN,East Asia & Pacific,2009,82.9314634146342,73.18062288930581,6.77268682390198,81.5439024390244,9.750840525328385,13,1,14
JPN,East Asia & Pacific,2010,82.8426829268293,73.42196435272047,6.7284221813090905,81.6951219512195,9.420718574108832,13,1,14
JPN,East Asia & Pacific,2011,82.5912195121951,73.66164727954971,6.719982659674294,81.8951219512195,8.929572232645384,13,1,14
JPN,East Asia & Pacific,2012,83.0960975609756,73.78256097560975,6.817748707609791,82.0463414634146,9.313536585365839,13,1,14
JPN,East Asia & Pacific,2013,83.3319512195122,74.01567166979365,6.744280327499221,82.2463414634147,9.316279549718558,13,1,14
JPN,East Asia & Pacific,2014,83.5878048780488,74.19799249530956,6.748720625499436,82.4951219512195,9.389812382739237,13,1,14
JPN,East Asia & Pacific,2015,83.7939024390244,74.36713320825517,6.761842723731852,82.7439024390244,9.426769230769224,13,1,14
JPN,East Asia & Pacific,2016,83.9848780487805,74.52209756097562,6.720358523805047,82.8463414634146,9.462780487804878,13,1,14
JPN,East Asia & Pacific,2017,84.099756097561,74.74488367729832,6.673242045601407,83.0951219512195,9.35487242026268,13,1,14
JPN,East Asia & Pacific,2018,84.2109756097561,74.86657598499062,6.684106906303475,83.2975609756098,9.344399624765487,13,1,14
JPN,East Asia & Pacific,2019,84.3563414634146,75.06554221388369,6.763043759978247,83.5951219512195,9.290799249530906,13,1,14
JPN,East Asia & Pacific,2020,84.56,75.13398686679174,6.927204781227737,83.5439024390244,9.426013133208258,13,1,14
JPN,East Asia & Pacific,2021,84.4456097560976,74.21952532833019,7.638885615975508,83.5268292682927,10.226084427767404,13,1,14
JPN,East Asia & Pacific,2022,83.9963414634146,74.88447279549717,6.602743243030636,83.2,9.11186866791742,13,1,14
JPN,East Asia & Pacific,2023,84.0412195121951,75.33142213883677,6.579491359144031,83.4292682926829,8.709797373358327,13,1,14
ITA,Southern Europe,1960,69.1239024390244,64.48023658536587,4.684556932762774,70.4343170731707,4.643665853658533,10,2,11
ITA,Southern Europe,1961,69.760243902439,64.84177073170733,4.378645004388121,70.2830243902439,4.918473170731673,10,2,11
ITA,Southern Europe,1962,69.149756097561,65.10096341463415,4.37601637607951,70.2246097560976,4.048792682926845,10,3,11
ITA,Southern Europe,1963,69.2480487804878,65.62653658536587,3.936222826147887,70.5639756097561,3.6215121951219373,10,3,11
ITA,Southern Europe,1964,70.3117073170732,66.08595853658537,3.7621174862624347,70.4581707317073,4.225748780487834,10,3,11
ITA,Southern Europe,1965,70.1717073170732,66.73577073170733,3.5971225895629315,71.3916829268293,3.435936585365866,10,3,11
ITA,Southern Europe,1966,70.9260975609756,67.25621951219513,3.4377665679924165,71.800512195122,3.6698780487804754,10,3,11
ITA,Southern Europe,1967,70.9565853658537,67.65724634146342,3.2071252827846575,71.307,3.299339024390278,10,3,11
ITA,Southern Europe,1968,70.78,67.91489268292682,2.970649647613321,71.5378048780488,2.865107317073182,10,3,11
ITA,Southern Europe,1969,70.8119512195122,67.92318536585367,2.9336591594138826,71.9788780487805,2.8887658536585263,10,3,11
ITA,Southern Europe,1970,71.5587804878049,68.41955853658537,2.8540430563777686,72.6807804878049,3.1392219512195254,10,3,11
ITA,Southern Europe,1971,71.8068292682927,68.58089512195122,2.7345036709911366,72.8671707317073,3.225934146341487,10,2,11
ITA,Southern Europe,1972,72.0753658536586,69.11158292682929,2.633580394825198,72.8180487804878,2.9637829268293103,10,3,11
ITA,Southern Europe,1973,72.0263414634146,69.47981951219512,2.3609407545804637,72.9059268292683,2.546521951219475,10,3,11
ITA,Southern Europe,1974,72.7343902439025,69.96902439024389,2.2976522628715372,73.3943658536585,2.765365853658608,10,3,11
ITA,Southern Europe,1975,72.6473170731708,70.22050731707319,2.2263648958755318,73.4011707317073,2.4268097560976116,10,3,11
ITA,Southern Europe,1976,72.9919512195122,70.54541951219512,2.132633695469868,73.6791219512195,2.446531707317078,10,3,11
ITA,Southern Europe,1977,73.3646341463415,70.83116341463413,1.9982278240109261,74.1319512195122,2.533470731707368,10,3,11
ITA,Southern Europe,1978,73.6931707317073,71.04388536585367,1.9732042200236086,74.3631707317073,2.649285365853629,10,3,11
ITA,Southern Europe,1979,74.0026829268293,71.19882926829268,2.024892267853013,74.8187804878049,2.8038536585366103,10,3,11
ITA,Southern Europe,1980,73.9431707317073,71.38542439024391,2.0766976042617653,75.3492682926829,2.5577463414633854,10,3,11
ITA,Southern Europe,1981,74.3539024390244,71.61004390243906,2.0611399295569766,75.5285365853659,2.7438585365853356,10,3,11
ITA,Southern Europe,1982,74.8146341463415,71.85976097560977,2.18341698058899,76.1341463414634,2.95487317073173,10,3,11
ITA,Southern Europe,1983,74.640243902439,71.80202195121952,2.2147679724631946,75.9090243902439,2.838221951219481,10,3,11
ITA,Southern Europe,1984,75.389512195122,72.01522926829271,2.260090658216284,76.2953658536586,3.374282926829281,10,3,11
ITA,Southern Europe,1985,75.4707317073171,72.29602439024391,2.1859904438876465,76.259512195122,3.174707317073185,10,3,11
ITA,Southern Europe,1986,75.7707317073171,72.62064146341466,2.216941573039507,76.5104878048781,3.15009024390244,10,3,11
ITA,Southern Europe,1987,76.219512195122,72.78020731707318,2.136153140013623,76.7280487804878,3.439304878048816,10,2,11
ITA,Southern Europe,1988,76.3707317073171,73.00283170731706,2.2555640500794496,76.9481951219512,3.3679000000000485,10,3,11
ITA,Southern Europe,1989,76.819512195122,73.30555365853661,2.0562613300725445,76.8136585365854,3.513958536585392,10,1,11
ITA,Southern Europe,1990,76.9707317073171,73.43605121951221,2.0235060588582385,76.9390243902439,3.5346804878048914,10,1,11
ITA,Southern Europe,1991,77.0195121951219,73.57011463414636,2.019848203821663,77.1365853658537,3.449397560975541,10,2,11
ITA,Southern Europe,1992,77.419512195122,71.52604146341466,7.227890903577117,77.41,5.893470731707339,10,1,11
ITA,Southern Europe,1993,77.7219512195122,71.58422439024392,7.582303333020572,77.5465853658537,6.1377268292682885,10,1,11
ITA,Southern Europe,1994,77.9219512195122,73.35879024390245,3.2288538075806112,77.9014634146342,4.5631609756097475,10,1,11
ITA,Southern Europe,1995,78.1707317073171,73.91606585365854,2.4785484231063784,77.9807317073171,4.254665853658565,10,1,11
ITA,Southern Europe,1996,78.5219512195122,74.41924390243902,2.0442677127341398,78.1204878048781,4.1027073170731825,10,1,11
ITA,Southern Europe,1997,78.8243902439024,74.52507804878047,2.2341363760206723,78.6041463414634,4.299312195121928,10,1,11
ITA,Southern Europe,1998,78.9756097560976,74.59506829268295,2.270514017457313,78.6658536585366,4.3805414634146445,10,1,11
ITA,Southern Europe,1999,79.4243902439024,74.5695268292683,2.6168426984947906,78.7170731707317,4.854863414634096,10,1,11
ITA,Southern Europe,2000,79.7780487804878,74.94323658536587,2.340910450854244,78.9658536585366,4.834812195121927,10,1,11
ITA,Southern Europe,2001,80.1268292682927,75.47491219512196,2.2324520078249663,79.3682926829268,4.651917073170736,10,1,11
ITA,Southern Europe,2002,80.2292682926829,75.65828536585364,2.321909602461465,79.5682926829268,4.570982926829259,10,1,11
ITA,Southern Europe,2003,79.9829268292683,75.88927073170734,2.349543970205517,79.619512195122,4.093656097560952,10,1,11
ITA,Southern Europe,2004,80.7804878048781,76.22341463414635,2.319824301452449,79.8707317073171,4.557073170731755,10,1,11
ITA,Southern Europe,2005,80.7829268292683,76.37029512195123,2.443297446616886,80.1707317073171,4.412631707317075,10,1,11
ITA,Southern Europe,2006,81.2829268292683,76.67454146341464,2.531753933230006,80.8219512195122,4.608385365853664,10,1,11
ITA,Southern Europe,2007,81.4341463414634,76.85244634146343,2.504177142513672,80.8731707317073,4.5816999999999695,10,1,11
ITA,Southern Europe,2008,81.4853658536585,77.2287024390244,2.453039414495026,81.1756097560976,4.25666341463409,10,1,11
ITA,Southern Europe,2009,81.6365853658537,77.43148780487805,2.523436729073986,81.4756097560976,4.205097560975659,10,1,11
ITA,Southern Europe,2010,82.0365853658537,77.75044146341465,2.395701908889093,81.6268292682927,4.286143902439051,10,1,11
ITA,Southern Europe,2011,82.1878048780488,78.14099024390246,2.6672820880972337,82.4756097560976,4.04681463414633,10,2,11
ITA,Southern Europe,2012,82.2390243902439,78.18868536585367,2.591497509648486,82.4268292682927,4.050339024390226,10,2,11
ITA,Southern Europe,2013,82.690243902439,78.51776585365853,2.6792274061217864,83.0780487804878,4.172478048780462,10,2,11
ITA,Southern Europe,2014,83.090243902439,78.67838536585366,2.8023892129607404,83.2292682926829,4.411858536585342,10,2,11
ITA,Southern Europe,2015,82.5439024390244,78.57675853658539,2.6723751900723167,82.8317073170732,3.9671439024390054,10,2,11
ITA,Southern Europe,2016,83.2439024390244,78.83352926829271,2.7527242183435785,83.3292682926829,4.410373170731688,10,2,11
ITA,Southern Europe,2017,82.9463414634147,78.92142682926831,2.6742941381948793,83.2829268292683,4.024914634146384,10,2,11
ITA,Southern Europe,2018,83.3463414634146,79.34458536585366,2.4959319881341457,83.4317073170732,4.001756097560943,10,2,11
ITA,Southern Europe,2019,83.4975609756098,79.29829512195123,2.725938423947985,83.8317073170732,4.199265853658574,10,2,11
ITA,Southern Europe,2020,82.1951219512195,78.1573756097561,2.9765529581410433,82.2317073170732,4.037746341463404,10,2,11
ITA,Southern Europe,2021,82.6463414634146,77.3001243902439,3.766862543053976,83.1780487804878,5.346217073170706,10,2,11
ITA,Southern Europe,2022,82.7,78.58074634146342,2.994342142757915,83.1341463414634,4.119253658536579,10,2,11
ITA,Southern Europe,2023,83.7,79.47280975609758,2.846498545831209,83.8829268292683,4.227190243902427,10,2,11
GRC,Southern Europe,1960,70.4343170731707,64.34919512195123,4.514747468765242,69.1239024390244,6.085121951219477,10,1,11
GRC,Southern Europe,1961,70.2830243902439,64.78949268292683,4.309029224017143,69.760243902439,5.493531707317061,10,1,11
GRC,Southern Europe,1962,70.2246097560976,64.99347804878047,4.247497475398472,69.5190243902439,5.231131707317132,10,1,11
GRC,Southern Europe,1963,70.5639756097561,65.49494390243902,3.7713618429132088,69.6812195121951,5.06903170731708,10,1,11
GRC,Southern Europe,1964,70.4581707317073,66.07131219512196,3.743443452630999,70.399756097561,4.386858536585336,10,1,11
GRC,Southern Europe,1965,71.3916829268293,66.61377317073172,3.4388778227824632,70.8092682926829,4.777909756097586,10,1,11
GRC,Southern Europe,1966,71.800512195122,67.16877804878048,3.318384807798223,71.0551219512195,4.631734146341515,10,1,11
GRC,Southern Europe,1967,71.307,67.62220487804879,3.16444712396916,71.2529268292683,3.684795121951211,10,1,11
GRC,Southern Europe,1968,71.4037317073171,67.85251951219512,2.894837781595077,71.5378048780488,3.551212195121991,10,2,11
GRC,Southern Europe,1969,71.9788780487805,67.80649268292684,2.7732323252628936,71.0575609756098,4.172385365853657,10,1,11
GRC,Southern Europe,1970,72.6807804878049,68.30735853658537,2.684955398975451,72.0273170731707,4.373421951219527,10,1,11
GRC,Southern Europe,1971,72.8671707317073,68.47486097560974,2.565143553527094,71.8068292682927,4.392309756097561,10,1,11
GRC,Southern Europe,1972,72.656243902439,69.05349512195126,2.55184806972576,72.8180487804878,3.602748780487744,10,2,11
GRC,Southern Europe,1973,72.9059268292683,69.39186097560975,2.2319788648468823,72.6107317073171,3.5140658536585505,10,1,11
GRC,Southern Europe,1974,73.3943658536585,69.90302682926828,2.1955404465707966,72.969756097561,3.4913390243902143,10,1,11
GRC,Southern Europe,1975,73.4011707317073,70.14512195121952,2.1167654083932326,73.3187804878049,3.256048780487774,10,1,11
GRC,Southern Europe,1976,73.6791219512195,70.4767024390244,2.0289938494126747,73.6426829268293,3.2024195121951067,10,1,11
GRC,Southern Europe,1977,73.6803414634146,70.79959268292683,1.9501259564341242,74.1319512195122,2.880748780487778,10,2,11
GRC,Southern Europe,1978,74.3631707317073,70.97688536585366,1.8558610357168122,74.2956097560976,3.386285365853638,10,1,11
GRC,Southern Europe,1979,74.5928292682927,71.13981463414635,1.9209150115896159,74.8187804878049,3.4530146341463563,10,2,11
GRC,Southern Europe,1980,74.5065609756098,71.32908536585367,1.9883798083975148,75.3492682926829,3.1774756097561294,10,2,11
GRC,Southern Europe,1981,74.9156829268293,71.55386585365855,1.9665149902104009,75.5285365853659,3.361817073170755,10,2,11
GRC,Southern Europe,1982,75.2026829268293,71.82095609756098,2.1199286543990663,76.1341463414634,3.3817268292683167,10,2,11
GRC,Southern Europe,1983,75.4804146341463,71.71800487804879,2.0709932393089825,75.9090243902439,3.7624097560975116,10,2,11
GRC,Southern Europe,1984,75.7576097560976,71.97841951219515,2.1944098681158475,76.2953658536586,3.7791902439024483,10,2,11
GRC,Southern Europe,1985,76.0950487804878,72.23359268292685,2.071343928669871,76.259512195122,3.8614560975609464,10,2,11
GRC,Southern Europe,1986,76.4882195121951,72.54889268292685,2.0855827629690906,76.5104878048781,3.9393268292682535,10,2,11
GRC,Southern Europe,1987,76.0558536585366,72.79657317073172,2.1644766577237418,76.7280487804878,3.2592804878048867,10,3,11
GRC,Southern Europe,1988,76.9481951219512,72.94508536585366,2.148168061732807,76.7470731707317,4.003109756097544,10,1,11
GRC,Southern Europe,1989,76.6878048780488,73.31872439024394,2.0806100206210365,76.819512195122,3.369080487804851,10,3,11
GRC,Southern Europe,1990,76.9390243902439,73.43922195121952,2.0296205313837743,76.9707317073171,3.4998024390243785,10,2,11
GRC,Southern Europe,1991,77.1365853658537,73.55840731707318,1.9970906711498206,77.0195121951219,3.5781780487805293,10,1,11
GRC,Southern Europe,1992,77.3829268292683,71.52970000000002,7.231193381255011,77.419512195122,5.85322682926828,10,3,11
GRC,Southern Europe,1993,77.390243902439,71.61739512195123,7.61119599001456,77.7219512195122,5.772848780487763,10,3,11
GRC,Southern Europe,1994,77.6390243902439,73.38708292682928,3.271484562418764,77.9219512195122,4.251941463414624,10,3,11
GRC,Southern Europe,1995,77.5853658536585,73.9746024390244,2.5796850429886358,78.1707317073171,3.610763414634107,10,3,11
GRC,Southern Europe,1996,77.6853658536585,74.50290243902438,2.2036823110884582,78.5219512195122,3.182463414634114,10,3,11
GRC,Southern Europe,1997,78.1365853658537,74.59385853658534,2.364460963112662,78.8243902439024,3.5427268292683607,10,3,11
GRC,Southern Europe,1998,77.8390243902439,74.70872682926833,2.4705783140263624,78.9756097560976,3.1302975609755777,10,3,11
GRC,Southern Europe,1999,77.9878048780488,74.71318536585366,2.854031993564913,79.4243902439024,3.2746195121951445,10,3,11
GRC,Southern Europe,2000,77.8878048780488,75.13226097560977,2.659707168113371,79.7780487804878,2.7555439024390296,10,3,11
GRC,Southern Europe,2001,78.3878048780488,75.64881463414636,2.5321827605534732,80.1268292682927,2.7389902439024354,10,3,11
GRC,Southern Europe,2002,78.6414634146341,75.81706585365853,2.587658723668265,80.2292682926829,2.8243975609755694,10,3,11
GRC,Southern Europe,2003,78.8414634146341,76.00341707317077,2.5297232291879665,79.9829268292683,2.8380463414633397,10,3,11
GRC,Southern Europe,2004,79.0390243902439,76.39756097560976,2.602781657483749,80.7804878048781,2.6414634146341314,10,3,11
GRC,Southern Europe,2005,79.2390243902439,76.52468536585367,2.681845741055129,80.7829268292683,2.7143390243902275,10,3,11
GRC,Southern Europe,2006,79.4390243902439,76.85893170731708,2.8075860333676563,81.2829268292683,2.580092682926818,10,3,11
GRC,Southern Europe,2007,79.4390243902439,77.05195853658537,2.795664623371426,81.4341463414634,2.3870658536585267,10,3,11
GRC,Southern Europe,2008,79.9390243902439,77.38333658536587,2.681020586676927,81.4853658536585,2.5556878048780334,10,3,11
GRC,Southern Europe,2009,80.1878048780488,77.57636585365853,2.7322205362842995,81.6365853658537,2.6114390243902648,10,3,11
GRC,Southern Europe,2010,80.3878048780488,77.91531951219513,2.6415059843489472,82.0365853658537,2.4724853658536716,10,3,11
GRC,Southern Europe,2011,80.7317073170732,78.28660000000002,2.857396160387474,82.4756097560976,2.4451073170731803,10,3,11
GRC,Southern Europe,2012,80.6341463414634,78.34917317073172,2.8009946161388872,82.4268292682927,2.284973170731689,10,3,11
GRC,Southern Europe,2013,81.2853658536585,78.6582536585366,2.870480612444681,83.0780487804878,2.62711219512191,10,3,11
GRC,Southern Europe,2014,81.3853658536585,78.84887317073171,3.0281376597512124,83.2292682926829,2.5364926829267915,10,3,11
GRC,Southern Europe,2015,81.0365853658537,78.72749024390245,2.8622948183696173,82.8317073170732,2.3090951219512448,10,4,11
GRC,Southern Europe,2016,81.3878048780488,79.01913902439026,2.995922662538881,83.3292682926829,2.368665853658541,10,3,11
GRC,Southern Europe,2017,81.2878048780488,79.08728048780489,2.880813168768833,83.2829268292683,2.2005243902439133,10,4,11
GRC,Southern Europe,2018,81.7878048780488,79.50043902439025,2.7053222247045663,83.4317073170732,2.2873658536585566,10,3,11
GRC,Southern Europe,2019,81.6390243902439,79.48414878048781,2.9568389089016205,83.8317073170732,2.1548756097560897,10,4,11
GRC,Southern Europe,2020,81.2878048780488,78.24810731707316,3.0940856359019793,82.2317073170732,3.0396975609756396,10,4,11
GRC,Southern Europe,2021,80.0829268292683,77.55646585365854,4.05358851834511,83.1780487804878,2.5264609756097656,10,5,11
GRC,Southern Europe,2022,80.7878048780488,78.77196585365854,3.2046192027564024,83.1341463414634,2.01583902439026,10,5,11
GRC,Southern Europe,2023,81.5365853658537,79.6891512195122,3.0923726425867115,83.8829268292683,1.8474341463414987,10,5,11
CRI,Central & South America,1960,63.463,56.21718181818182,6.627653956237937,67.683,7.24581818181818,11,3,12
CRI,Central & South America,1961,63.86,56.67936363636363,6.5606207979539155,67.81,7.180636363636367,11,3,12
CRI,Central & South America,1962,64.232,57.07718181818182,6.4559451642370975,67.911,7.154818181818179,11,3,12
CRI,Central & South America,1963,64.326,57.57572727272727,6.352060438801084,68.023,6.750272727272723,11,3,12
CRI,Central & South America,1964,64.493,57.976,6.240753928813408,68.112,6.516999999999996,11,3,12
CRI,Central & South America,1965,64.76,58.44581818181818,6.154871904730134,68.2,6.314181818181822,11,3,12
CRI,Central & South America,1966,65.096,58.944545454545455,6.123750409081619,68.302,6.151454545454548,11,3,12
CRI,Central & South America,1967,65.552,59.35518181818182,6.0414030625043,68.407,6.1968181818181876,11,2,12
CRI,Central & South America,1968,65.78,59.679818181818185,5.913959922390104,68.514,6.100181818181817,11,2,12
CRI,Central & South America,1969,66.363,59.94200000000001,5.795153078219764,68.581,6.420999999999992,11,2,12
CRI,Central & South America,1970,66.787,59.61472727272728,6.869558342294052,68.734,7.172272727272727,11,2,12
CRI,Central & South America,1971,67.413,60.732,5.725073990788242,68.926,6.680999999999997,11,2,12
CRI,Central & South America,1972,68.014,61.15945454545454,5.6958673152319195,69.169,6.854545454545459,11,2,12
CRI,Central & South America,1973,68.731,61.5330909090909,5.6312640757568015,69.348,7.197909090909093,11,2,12
CRI,Central & South America,1974,69.446,61.94972727272727,5.58021460323721,69.524,7.496272727272725,11,2,12
CRI,Central & South America,1975,70.253,62.4459090909091,5.547948908462398,69.705,7.807090909090903,11,1,12
CRI,Central & South America,1976,70.946,62.885999999999996,5.482063024081356,69.887,8.060000000000002,11,1,12
CRI,Central & South America,1977,71.519,63.335818181818176,5.496584790907566,70.081,8.18318181818183,11,1,12
CRI,Central & South America,1978,72.029,63.742909090909095,5.46929517313786,70.265,8.286090909090902,11,1,12
CRI,Central & South America,1979,72.537,64.11736363636363,5.405809121171913,70.255,8.419636363636371,11,1,12
CRI,Central & South America,1980,73.034,64.47436363636363,5.342001165719213,70.505,8.559636363636372,11,1,12
CRI,Central & South America,1981,73.441,64.88281818181818,5.339102130849002,70.952,8.558181818181822,11,1,12
CRI,Central & South America,1982,73.865,65.27445454545456,5.39615400750639,71.528,8.590545454545435,11,1,12
CRI,Central & South America,1983,74.245,65.62209090909091,5.399534710593969,71.595,8.62290909090909,11,1,12
CRI,Central & South America,1984,74.581,65.9349090909091,5.292831991562652,71.708,8.646090909090901,11,1,12
CRI,Central & South America,1985,74.765,66.03954545454546,5.192767226896202,71.861,8.72545454545454,11,1,12
CRI,Central & South America,1986,74.949,66.71109090909091,5.206217234317936,72.187,8.237909090909085,11,1,12
CRI,Central & South America,1987,75.224,67.03409090909089,5.07769373740767,72.466,8.189909090909111,11,1,12
CRI,Central & South America,1988,75.546,67.36945454545456,4.971986672621646,72.788,8.176545454545447,11,1,12
CRI,Central & South America,1989,75.85,67.74218181818182,4.873466852625179,73.188,8.107818181818175,11,1,12
CRI,Central & South America,1990,76.094,68.12790909090909,4.7671665684040345,73.675,7.966090909090909,11,1,12
CRI,Central & South America,1991,76.237,68.47436363636365,4.693102391227517,74.082,7.7626363636363465,11,1,12
CRI,Central & South America,1992,76.385,68.74309090909092,4.541152440835817,74.367,7.641909090909081,11,1,12
CRI,Central & South America,1993,76.315,69.10418181818183,4.366101758277787,74.679,7.210818181818169,11,1,12
CRI,Central & South America,1994,76.329,69.48845454545454,4.225380559514998,74.973,6.840545454545449,11,1,12
CRI,Central & South America,1995,76.44,69.88336363636363,4.152385634131957,75.298,6.556636363636372,11,1,12
CRI,Central & South America,1996,76.428,70.25045454545453,4.070770943289155,75.555,6.177545454545466,11,1,12
CRI,Central & South America,1997,76.603,70.60745454545453,4.015181848027219,75.826,5.995545454545464,11,1,12
CRI,Central & South America,1998,76.869,70.83472727272728,3.9270028034344233,76.324,6.034272727272722,11,1,12
CRI,Central & South America,1999,77.058,71.07090909090908,3.86409654264863,76.738,5.987090909090924,11,1,12
CRI,Central & South America,2000,77.317,71.37854545454546,3.8466479527930897,77.128,5.938454545454533,11,1,12
CRI,Central & South America,2001,77.609,71.59290909090909,3.808723315089859,77.58,6.016090909090906,11,1,12
CRI,Central & South America,2002,77.939,72.05263636363637,3.710214610308338,77.84,5.886363636363626,11,1,12
CRI,Central & South America,2003,78.214,72.27218181818182,3.5966774061119753,77.884,5.941818181818178,11,1,12
CRI,Central & South America,2004,78.512,72.63263636363637,3.5981247969665313,78.276,5.879363636363635,11,1,12
CRI,Central & South America,2005,78.877,72.96409090909091,3.563628079767737,78.459,5.912909090909082,11,1,12
CRI,Central & South America,2006,79.049,73.1519090909091,3.4701170716431307,78.533,5.897090909090906,11,1,12
CRI,Central & South America,2007,79.098,73.358,3.3611800308820143,78.652,5.739999999999995,11,1,12
CRI,Central & South America,2008,79.18,73.53118181818182,3.345606426888308,78.752,5.648818181818186,11,1,12
CRI,Central & South America,2009,79.372,73.728,3.3191165390808437,78.89,5.6440000000000055,11,1,12
CRI,Central & South America,2010,79.354,73.9599090909091,3.262351619753624,79.095,5.394090909090906,11,1,12
CRI,Central & South America,2011,79.624,74.16027272727273,3.2169386718092445,79.236,5.463727272727269,11,1,12
CRI,Central & South America,2012,79.925,74.36636363636363,3.1274184968669387,79.221,5.558636363636367,11,1,12
CRI,Central & South America,2013,80.189,74.603,3.1611640893822646,79.551,5.5859999999999985,11,1,12
CRI,Central & South America,2014,80.231,74.81599999999999,3.203140021915995,79.714,5.415000000000006,11,1,12
CRI,Central & South America,2015,80.407,75.01036363636364,3.2171238481826347,80.008,5.396636363636361,11,1,12
CRI,Central & South America,2016,79.988,74.942,3.284999878234398,80.295,5.0460000000000065,11,2,12
CRI,Central & South America,2017,79.994,75.08181818181819,3.368206342200008,80.61,4.912181818181807,11,2,12
CRI,Central & South America,2018,80.09,75.32745454545454,3.308603764842093,80.559,4.76254545454546,11,2,12
CRI,Central & South America,2019,80.296,75.4200909090909,3.2455998661124412,80.324,4.875909090909104,11,2,12
CRI,Central & South America,2020,79.725,73.37736363636364,4.38056768633307,79.349,6.347636363636354,11,1,12
CRI,Central & South America,2021,78.05,71.74154545454545,4.4342960966456975,78.876,6.308454545454552,11,2,12
CRI,Central & South America,2022,79.316,74.77572727272728,3.150277609700742,79.176,4.540272727272722,11,1,12
CRI,Central & South America,2023,80.799,75.94663636363636,3.3742625941893514,81.167,4.852363636363648,11,2,12
USA,North America & Western Europe,1960,69.7707317073171,70.31808536585365,1.4619783163785152,73.3926829268293,-0.5473536585365508,10,7,11
USA,North America & Western Europe,1961,70.2707317073171,70.62131707317072,1.340863665881273,73.6526829268293,-0.3505853658536182,10,6,11
USA,North America & Western Europe,1962,70.119512195122,70.487956097561,1.3312349671446713,73.3239024390244,-0.3684439024389974,10,7,11
USA,North America & Western Europe,1963,69.9170731707317,70.55580975609759,1.2670249473362034,73.3370731707317,-0.6387365853658906,10,8,11
USA,North America & Western Europe,1964,70.1658536585366,71.03143414634147,1.3302580593882356,73.7041463414634,-0.8655804878048627,10,9,11
USA,North America & Western Europe,1965,70.2146341463415,71.07590487804877,1.270557785196919,73.5687804878049,-0.861270731707279,10,9,11
USA,North America & Western Europe,1966,70.2121951219512,71.07781707317073,1.317577201370694,73.5129268292683,-0.8656219512195378,10,9,11
USA,North America & Western Europe,1967,70.5609756097561,71.43306585365853,1.291079436843985,73.8041463414634,-0.8720902439024343,10,9,11
USA,North America & Western Europe,1968,69.9512195121951,71.36354390243903,1.1976373311999422,73.6126829268293,-1.4123243902439384,10,11,11
USA,North America & Western Europe,1969,70.5073170731708,71.32305121951222,1.2768096517104845,73.539512195122,-0.8157341463414269,10,8,11
USA,North America & Western Europe,1970,70.8073170731707,71.43814878048782,1.4072989801455902,73.5856097560976,-0.6308317073171281,10,8,11
USA,North America & Western Europe,1971,71.1073170731707,71.69175853658537,1.439795774163869,73.809512195122,-0.5844414634146631,10,7,11
USA,North America & Western Europe,1972,71.1560975609756,71.87774390243902,1.234991385404739,73.7270731707317,-0.7216463414634262,10,7,11
USA,North America & Western Europe,1973,71.3560975609756,72.12652682926831,1.2922946533621613,74.1439024390244,-0.7704292682927161,10,7,11
USA,North America & Western Europe,1974,71.9560975609756,72.29829024390247,1.4214029460984912,74.5368292682927,-0.3421926829268642,10,7,11
USA,North America & Western Europe,1975,72.6048780487805,72.4680512195122,1.4510730994644838,74.6656097560976,0.13682682926830125,10,6,11
USA,North America & Western Europe,1976,72.8560975609756,72.66414390243905,1.456386530837874,74.7853658536585,0.19195365853654778,10,5,11
USA,North America & Western Europe,1977,73.2560975609756,73.16681219512193,1.354597194127589,75.2380487804878,0.08928536585366942,10,5,11
USA,North America & Western Europe,1978,73.3560975609756,73.20518536585368,1.3658545480639708,75.1873170731707,0.15091219512191856,10,5,11
USA,North America & Western Europe,1979,73.8048780487805,73.56460731707317,1.3262464004226808,75.6060975609756,0.2402707317073265,10,5,11
USA,North America & Western Europe,1980,73.609756097561,73.73558536585367,1.3007493411248616,75.7431707317073,-0.12582926829266228,10,6,11
USA,North America & Western Europe,1981,74.009756097561,73.9846024390244,1.359890152423143,75.9343902439025,0.025153658536595458,10,6,11
USA,North America & Western Europe,1982,74.3609756097561,74.18724146341465,1.3719953435096657,76.0339024390244,0.17373414634144524,10,5,11
USA,North America & Western Europe,1983,74.4634146341463,74.40285609756096,1.3016175174003912,76.1641463414634,0.060558536585347156,10,5,11
USA,North America & Western Europe,1984,74.5634146341464,74.7285512195122,1.3322502020984932,76.6085365853659,-0.16513658536580067,10,6,11
USA,North America & Western Europe,1985,74.5634146341464,74.85543658536588,1.2521745498815269,76.7336585365854,-0.29202195121948193,10,6,11
USA,North America & Western Europe,1986,74.6146341463415,75.12263414634148,1.1234007467307845,76.8990243902439,-0.5079999999999814,10,7,11
USA,North America & Western Europe,1987,74.7658536585366,75.48573658536586,1.1274342148836227,77.1975609756098,-0.719882926829257,10,9,11
USA,North America & Western Europe,1988,74.7658536585366,75.67973658536586,1.063314907235509,77.2265853658537,-0.9138829268292596,10,9,11
USA,North America & Western Europe,1989,75.0170731707317,75.78799024390244,1.1009372961383403,77.4212195121951,-0.770917073170736,10,9,11
USA,North America & Western Europe,1990,75.2146341463415,76.03650000000002,0.9772680095767525,77.4365853658537,-0.8218658536585224,10,8,11
USA,North America & Western Europe,1991,75.3658536585366,76.26569512195123,0.9273401281617171,77.5934146341464,-0.8998414634146314,10,9,11
USA,North America & Western Europe,1992,75.6170731707317,76.5569,0.8820968578377115,77.8380487804878,-0.9398268292682985,10,10,11
USA,North America & Western Europe,1993,75.419512195122,76.56809756097562,0.9086692491491631,78.0853658536586,-1.14858536585362,10,10,11
USA,North America & Western Europe,1994,75.619512195122,76.96702926829269,0.8150224628102607,78.35,-1.3475170731706925,10,11,11
USA,North America & Western Europe,1995,75.6219512195122,77.02993170731706,0.866636550735921,78.4170731707317,-1.4079804878048634,10,10,11
USA,North America & Western Europe,1996,76.0268292682927,77.26758536585368,0.8962566407148644,78.8960975609756,-1.2407560975609755,10,10,11
USA,North America & Western Europe,1997,76.4292682926829,77.54314634146343,0.8841944474344241,79.079512195122,-1.1138780487805207,10,10,11
USA,North America & Western Europe,1998,76.5804878048781,77.74431707317075,0.9105695415939812,79.3243902439025,-1.1638292682926448,10,10,11
USA,North America & Western Europe,1999,76.5829268292683,77.9478048780488,0.9491194941269386,79.580487804878,-1.364878048780497,10,10,11
USA,North America & Western Europe,2000,76.6365853658537,78.18180487804881,0.9002314770515619,79.6804878048781,-1.5452195121951036,10,10,11
USA,North America & Western Europe,2001,76.8365853658537,78.47565853658537,0.884811070928726,80.1804878048781,-1.6390731707316775,10,11,11
USA,North America & Western Europe,2002,76.9365853658537,78.61965853658538,0.8526311758340075,80.3853658536585,-1.6830731707316744,10,11,11
USA,North America & Western Europe,2003,77.0365853658537,78.73126829268293,0.8411121830891282,80.5365853658537,-1.6946829268292305,10,11,11
USA,North America & Western Europe,2004,77.4878048780488,79.34848780487805,0.8119095406841491,81.0878048780488,-1.8606829268292415,10,11,11
USA,North America & Western Europe,2005,77.4878048780488,79.5527317073171,0.7427959232483842,81.2365853658537,-2.0649268292682876,10,11,11
USA,North America & Western Europe,2006,77.6878048780488,79.87143902439024,0.8097450651450648,81.490243902439,-2.183634146341447,10,11,11
USA,North America & Western Europe,2007,77.9878048780488,80.14656097560976,0.7795897310258894,81.7414634146342,-2.1587560975609534,10,11,11
USA,North America & Western Europe,2008,78.0390243902439,80.42660975609758,0.747723240876462,81.9926829268293,-2.387585365853681,10,11,11
USA,North America & Western Europe,2009,78.390243902439,80.61539024390245,0.7001076605310064,82.0439024390244,-2.225146341463457,10,11,11
USA,North America & Western Europe,2010,78.5414634146342,80.84636585365854,0.6973159920975269,82.2463414634147,-2.304902439024346,10,11,11
USA,North America & Western Europe,2011,78.6414634146341,81.21875609756098,0.7046498861794263,82.6951219512195,-2.577292682926881,10,11,11
USA,North America & Western Europe,2012,78.7414634146342,81.2439268292683,0.7037121522175703,82.6975609756098,-2.502463414634107,10,11,11
USA,North America & Western Europe,2013,78.7414634146342,81.40351219512198,0.7325046351513598,82.7975609756098,-2.6620487804877797,10,11,11
USA,North America & Western Europe,2014,78.8414634146341,81.816,0.6912159663919394,83.1975609756098,-2.9745365853658967,10,11,11
USA,North America & Western Europe,2015,78.690243902439,81.60819512195124,0.7176135272089254,82.8975609756098,-2.917951219512247,10,11,11
USA,North America & Western Europe,2016,78.5390243902439,81.92424390243903,0.8027721172570526,83.6024390243903,-3.3852195121951354,10,11,11
USA,North America & Western Europe,2017,78.5390243902439,81.93373170731708,0.728124834765056,83.5512195121951,-3.394707317073184,10,11,11
USA,North America & Western Europe,2018,78.6390243902439,81.99868292682928,0.8007336199352032,83.7536585365854,-3.3596585365853713,10,11,11
USA,North America & Western Europe,2019,78.7878048780488,82.29010731707318,0.7689138686517458,83.9048780487805,-3.502302439024376,10,11,11
USA,North America & Western Europe,2020,76.9804878048781,81.5930292682927,0.8358099540593164,83.0,-4.612541463414601,10,11,11
USA,North America & Western Europe,2021,76.3292682926829,81.81714634146343,0.9405624826276197,83.7512195121951,-5.48787804878053,10,11,11
USA,North America & Western Europe,2022,77.4341463414634,81.87134146341462,0.9294793040838715,83.6048780487805,-4.43719512195122,10,11,11
USA,North America & Western Europe,2023,78.3853658536585,82.24846829268296,1.068172714353742,84.0560975609756,-3.863102439024459,10,11,11
