iso_code,year,infant_mortality_who,life_expectancy_who,maternal_mortality_who
AFG,2000,9.9,53.2,383.0
AFG,2001,9.8,53.9,387.0
AFG,2002,9.9,54.9,367.0
AFG,2003,10.2,56.2,353.0
AFG,2004,10.1,56.3,346.0
AFG,2005,10.4,57.0,345.0
AFG,2006,10.5,56.6,342.0
AFG,2007,10.6,57.8,339.0
AFG,2008,10.5,57.5,330.0
AFG,2009,10.9,59.0,320.0
AFG,2010,10.5,58.6,314.0
AFG,2011,10.8,59.1,304.0
AFG,2012,11.2,59.4,299.0
AFG,2013,10.7,60.0,298.0
AFG,2014,11.4,59.7,290.0
AFG,2015,10.7,61.5,322.0
AFG,2016,11.4,61.7,327.0
AFG,2017,10.8,59.8,299.0
AFG,2018,10.8,62.1,308.0
AFG,2019,10.8,61.2,294.0
AFG,2020,10.1,59.3,324.0
AFG,2021,9.9,61.0,373.0
ALB,2000,16.3,73.7,91.0
ALB,2001,15.0,79.2,54.0
ALB,2002,17.1,75.5,57.0
ALB,2003,15.3,72.4,61.0
ALB,2004,14.4,72.9,85.0
ALB,2005,15.3,74.2,113.0
ALB,2006,16.2,74.2,141.0
ALB,2007,16.5,74.5,143.0
ALB,2008,16.7,75.0,111.0
ALB,2009,15.9,78.0,81.0
ALB,2010,15.4,78.3,82.0
ALB,2011,17.8,75.1,110.0
ALB,2012,17.2,75.3,106.0
ALB,2013,16.6,77.8,103.0
ALB,2014,16.7,78.0,76.0
ALB,2015,15.7,76.0,47.0
ALB,2016,17.1,77.9,44.0
ALB,2017,17.0,76.1,95.0
ALB,2018,17.0,77.9,65.0
ALB,2019,15.7,79.9,63.0
ALB,2020,14.4,74.3,113.0
ALB,2021,14.5,74.4,86.0
ARG,2000,17.2,78.0,134.0
ARG,2001,13.8,74.3,133.0
ARG,2002,17.2,70.5,133.0
ARG,2003,15.4,74.3,92.0
ARG,2004,15.7,71.5,125.0
ARG,2005,15.8,78.7,122.0
ARG,2006,14.3,75.5,86.0
ARG,2007,15.7,71.7,124.0
ARG,2008,17.6,75.7,157.0
ARG,2009,16.3,72.5,122.0
ARG,2010,16.1,78.9,150.0
ARG,2011,14.7,75.9,85.0
ARG,2012,16.3,76.2,149.0
ARG,2013,16.3,76.2,116.0
ARG,2014,17.8,79.7,143.0
ARG,2015,16.4,73.3,141.0
ARG,2016,17.5,79.2,115.0
ARG,2017,17.7,73.6,136.0
ARG,2018,16.5,73.7,136.0
ARG,2019,16.5,79.9,131.0
ARG,2020,15.9,76.2,115.0
ARG,2021,13.5,74.6,130.0
AUS,2000,17.4,77.1,55.0
AUS,2001,16.3,82.6,92.0
AUS,2002,17.5,77.8,71.0
AUS,2003,16.6,80.6,50.0
AUS,2004,18.8,78.4,85.0
AUS,2005,17.8,80.8,48.0
AUS,2006,17.9,81.0,48.0
AUS,2007,18.1,79.2,65.0
AUS,2008,17.1,83.5,46.0
AUS,2009,19.3,79.6,47.0
AUS,2010,18.4,81.9,79.0
AUS,2011,17.4,79.9,46.0
AUS,2012,17.7,82.3,44.0
AUS,2013,18.7,80.5,60.0
AUS,2014,19.4,82.4,45.0
AUS,2015,18.6,84.2,45.0
AUS,2016,19.5,82.6,60.0
AUS,2017,18.8,84.5,75.0
AUS,2018,19.7,81.2,58.0
AUS,2019,18.1,82.6,78.0
AUS,2020,19.2,81.5,41.0
AUS,2021,18.4,84.9,58.0
AUT,2000,16.6,81.0,63.0
AUT,2001,15.4,81.4,123.0
AUT,2002,17.9,75.7,59.0
AUT,2003,17.8,75.8,115.0
AUT,2004,18.0,76.3,55.0
AUT,2005,17.0,81.9,83.0
AUT,2006,18.3,79.8,105.0
AUT,2007,18.5,82.6,78.0
AUT,2008,18.6,80.3,99.0
AUT,2009,17.5,77.4,50.0
AUT,2010,18.8,83.0,74.0
AUT,2011,19.0,83.3,72.0
AUT,2012,16.6,83.1,47.0
AUT,2013,17.8,83.3,67.0
AUT,2014,19.0,78.9,46.0
AUT,2015,17.8,81.0,84.0
AUT,2016,18.0,79.1,62.0
AUT,2017,17.0,81.4,79.0
AUT,2018,19.0,81.4,62.0
AUT,2019,19.1,81.6,58.0
AUT,2020,16.7,81.1,41.0
AUT,2021,17.7,83.3,61.0
BEL,2000,16.4,77.7,130.0
BEL,2001,16.6,78.0,68.0
BEL,2002,17.7,75.0,67.0
BEL,2003,16.5,80.9,94.0
BEL,2004,18.0,81.5,116.0
BEL,2005,16.9,76.1,89.0
BEL,2006,15.9,81.9,61.0
BEL,2007,16.1,79.6,107.0
BEL,2008,18.3,76.9,111.0
BEL,2009,16.3,79.8,84.0
BEL,2010,16.2,82.4,103.0
BEL,2011,16.4,82.6,80.0
BEL,2012,16.3,80.1,78.0
BEL,2013,17.5,77.9,57.0
BEL,2014,17.9,80.9,91.0
BEL,2015,18.5,78.5,89.0
BEL,2016,16.9,81.1,69.0
BEL,2017,18.0,81.2,49.0
BEL,2018,17.1,79.1,49.0
BEL,2019,17.3,83.7,63.0
BEL,2020,16.6,82.9,59.0
BEL,2021,18.8,83.7,76.0
BGD,2000,13.1,63.7,175.0
BGD,2001,13.7,64.3,170.0
BGD,2002,12.8,66.4,138.0
BGD,2003,13.6,66.8,136.0
BGD,2004,13.0,65.7,133.0
BGD,2005,13.1,69.9,159.0
BGD,2006,13.1,68.1,184.0
BGD,2007,13.1,68.4,129.0
BGD,2008,13.8,69.0,178.0
BGD,2009,14.0,69.6,124.0
BGD,2010,14.1,71.9,169.0
BGD,2011,14.7,71.1,163.0
BGD,2012,15.2,72.1,137.0
BGD,2013,15.3,71.5,154.0
BGD,2014,15.3,74.0,128.0
BGD,2015,15.4,72.1,145.0
BGD,2016,15.4,73.4,123.0
BGD,2017,15.3,72.1,140.0
BGD,2018,15.3,75.0,101.0
BGD,2019,15.5,75.3,135.0
BGD,2020,14.8,73.3,100.0
BGD,2021,14.6,73.1,130.0
BGR,2000,12.2,71.6,97.0
BGR,2001,13.6,68.5,221.0
BGR,2002,12.3,68.8,94.0
BGR,2003,12.3,68.9,91.0
BGR,2004,12.4,76.1,155.0
BGR,2005,12.3,76.1,157.0
BGR,2006,12.4,76.2,157.0
BGR,2007,12.5,69.4,153.0
BGR,2008,14.3,76.9,209.0
BGR,2009,14.4,70.0,146.0
BGR,2010,15.9,77.2,198.0
BGR,2011,13.0,70.6,85.0
BGR,2012,16.0,70.8,188.0
BGR,2013,15.0,78.4,135.0
BGR,2014,13.1,74.4,140.0
BGR,2015,16.3,78.0,87.0
BGR,2016,13.2,78.4,86.0
BGR,2017,14.9,74.7,137.0
BGR,2018,14.9,71.4,184.0
BGR,2019,16.6,71.5,182.0
BGR,2020,14.0,73.5,95.0
BGR,2021,12.8,71.3,178.0
BIH,2000,13.7,72.7,112.0
BIH,2001,15.1,73.0,74.0
BIH,2002,13.8,78.8,145.0
BIH,2003,16.4,79.2,142.0
BIH,2004,16.3,76.6,70.0
BIH,2005,13.8,76.5,143.0
BIH,2006,15.5,73.7,103.0
BIH,2007,13.6,79.3,72.0
BIH,2008,14.0,73.7,67.0
BIH,2009,15.4,76.8,136.0
BIH,2010,14.3,74.3,98.0
BIH,2011,16.5,77.1,97.0
BIH,2012,16.5,79.7,64.0
BIH,2013,16.5,79.7,129.0
BIH,2014,14.4,74.7,95.0
BIH,2015,14.3,74.5,65.0
BIH,2016,14.3,77.1,64.0
BIH,2017,15.5,74.9,121.0
BIH,2018,14.4,74.9,60.0
BIH,2019,15.4,77.1,124.0
BIH,2020,15.5,73.0,98.0
BIH,2021,12.7,72.6,73.0
BOL,2000,13.5,66.1,170.0
BOL,2001,14.0,66.7,179.0
BOL,2002,13.9,66.2,162.0
BOL,2003,14.0,68.8,157.0
BOL,2004,14.1,69.3,167.0
BOL,2005,14.2,69.7,176.0
BOL,2006,14.2,70.1,147.0
BOL,2007,14.3,70.3,147.0
BOL,2008,14.3,68.9,157.0
BOL,2009,14.3,70.1,143.0
BOL,2010,14.4,69.6,152.0
BOL,2011,14.4,69.8,139.0
BOL,2012,14.3,71.9,158.0
BOL,2013,14.4,70.4,145.0
BOL,2014,14.5,71.6,153.0
BOL,2015,14.5,71.0,129.0
BOL,2016,14.5,71.3,137.0
BOL,2017,14.8,71.5,135.0
BOL,2018,14.7,71.8,123.0
BOL,2019,14.8,72.0,141.0
BOL,2020,11.3,70.4,264.0
BOL,2021,12.1,65.4,273.0
BRA,2000,13.8,71.5,214.0
BRA,2001,15.6,71.8,105.0
BRA,2002,15.6,68.6,104.0
BRA,2003,14.8,72.3,208.0
BRA,2004,15.7,72.5,101.0
BRA,2005,14.1,76.6,149.0
BRA,2006,16.0,73.3,96.0
BRA,2007,16.1,73.6,145.0
BRA,2008,14.2,77.2,145.0
BRA,2009,15.3,73.8,195.0
BRA,2010,14.3,77.4,144.0
BRA,2011,15.3,74.0,193.0
BRA,2012,15.5,77.8,142.0
BRA,2013,16.5,77.9,90.0
BRA,2014,15.6,74.6,187.0
BRA,2015,15.6,74.7,88.0
BRA,2016,16.5,71.1,137.0
BRA,2017,14.6,75.0,132.0
BRA,2018,16.8,71.9,174.0
BRA,2019,14.7,72.2,168.0
BRA,2020,16.1,74.1,189.0
BRA,2021,14.4,69.0,176.0
BWA,2000,13.1,47.2,664.0
BWA,2001,8.5,48.5,678.0
BWA,2002,8.5,47.0,633.0
BWA,2003,10.7,48.3,645.0
BWA,2004,13.4,52.8,638.0
BWA,2005,14.0,50.8,478.0
BWA,2006,11.9,58.1,435.0
BWA,2007,14.0,55.8,472.0
BWA,2008,11.9,54.1,504.0
BWA,2009,10.4,55.1,447.0
BWA,2010,13.0,59.4,467.0
BWA,2011,12.9,58.4,371.0
BWA,2012,10.9,57.7,385.0
BWA,2013,11.1,62.5,407.0
BWA,2014,13.2,63.2,387.0
BWA,2015,13.3,63.9,308.0
BWA,2016,12.8,65.0,361.0
BWA,2017,12.0,64.0,345.0
BWA,2018,14.3,66.6,271.0
BWA,2019,12.2,64.9,266.0
BWA,2020,11.5,62.7,253.0
BWA,2021,9.8,63.2,324.0
CAN,2000,15.9,76.5,100.0
CAN,2001,18.2,81.7,59.0
CAN,2002,16.1,81.7,78.0
CAN,2003,17.3,77.2,58.0
CAN,2004,18.4,82.1,57.0
CAN,2005,18.5,80.0,94.0
CAN,2006,17.8,82.5,56.0
CAN,2007,16.7,78.1,55.0
CAN,2008,17.9,80.6,56.0
CAN,2009,18.9,80.9,88.0
CAN,2010,17.3,81.1,85.0
CAN,2011,17.4,79.4,52.0
CAN,2012,17.5,79.5,52.0
CAN,2013,17.6,83.4,51.0
CAN,2014,18.4,79.7,81.0
CAN,2015,17.7,79.8,66.0
CAN,2016,18.6,83.6,67.0
CAN,2017,17.8,83.6,68.0
CAN,2018,17.8,79.8,84.0
CAN,2019,19.4,80.1,66.0
CAN,2020,17.6,81.3,75.0
CAN,2021,19.3,79.4,93.0
CHE,2000,18.5,79.7,54.0
CHE,2001,17.6,80.1,73.0
CHE,2002,16.5,82.8,52.0
CHE,2003,18.7,82.8,50.0
CHE,2004,18.1,83.3,87.0
CHE,2005,19.1,78.6,65.0
CHE,2006,18.3,83.6,80.0
CHE,2007,18.3,81.6,78.0
CHE,2008,18.4,84.0,75.0
CHE,2009,17.4,81.9,76.0
CHE,2010,18.5,84.2,71.0
CHE,2011,19.5,84.4,68.0
CHE,2012,19.4,80.4,54.0
CHE,2013,18.7,84.4,39.0
CHE,2014,19.6,80.8,63.0
CHE,2015,18.7,84.5,49.0
CHE,2016,19.0,81.4,47.0
CHE,2017,18.3,84.9,60.0
CHE,2018,19.7,81.5,35.0
CHE,2019,19.1,85.1,43.0
CHE,2020,19.4,82.7,57.0
CHE,2021,19.0,81.5,33.0
CHL,2000,16.2,73.9,104.0
CHL,2001,17.2,76.8,72.0
CHL,2002,15.3,77.3,68.0
CHL,2003,16.5,77.4,131.0
CHL,2004,16.5,77.5,65.0
CHL,2005,17.6,78.0,122.0
CHL,2006,16.0,75.7,91.0
CHL,2007,17.9,75.7,90.0
CHL,2008,17.5,76.4,88.0
CHL,2009,16.4,79.0,120.0
CHL,2010,18.2,81.5,90.0
CHL,2011,17.7,76.9,86.0
CHL,2012,18.5,82.0,85.0
CHL,2013,18.7,77.2,85.0
CHL,2014,17.8,79.9,110.0
CHL,2015,16.9,82.6,109.0
CHL,2016,18.1,82.9,105.0
CHL,2017,18.1,83.0,103.0
CHL,2018,17.4,83.3,77.0
CHL,2019,17.5,78.7,53.0
CHL,2020,18.5,77.3,58.0
CHL,2021,17.8,81.4,93.0
CHN,2000,14.8,70.8,104.0
CHN,2001,14.8,68.9,136.0
CHN,2002,14.9,69.1,168.0
CHN,2003,15.0,71.7,166.0
CHN,2004,15.0,74.6,165.0
CHN,2005,13.4,72.4,91.0
CHN,2006,15.6,73.3,123.0
CHN,2007,15.9,73.8,82.0
CHN,2008,13.9,74.0,80.0
CHN,2009,13.9,71.7,109.0
CHN,2010,15.0,74.7,106.0
CHN,2011,16.3,75.0,136.0
CHN,2012,14.2,72.7,100.0
CHN,2013,16.8,75.8,62.0
CHN,2014,15.7,79.4,60.0
CHN,2015,15.8,76.5,125.0
CHN,2016,14.7,76.7,123.0
CHN,2017,15.9,74.2,57.0
CHN,2018,14.9,74.4,119.0
CHN,2019,17.2,77.3,88.0
CHN,2020,16.1,77.5,53.0
CHN,2021,17.2,80.5,56.0
COL,2000,14.5,72.5,90.0
COL,2001,15.6,72.6,89.0
COL,2002,14.7,68.9,86.0
COL,2003,15.7,77.0,130.0
COL,2004,14.8,70.6,126.0
COL,2005,16.9,74.4,118.0
COL,2006,15.0,74.7,75.0
COL,2007,17.1,72.2,147.0
COL,2008,16.3,72.4,145.0
COL,2009,15.6,72.6,148.0
COL,2010,16.7,79.0,106.0
COL,2011,17.9,79.6,134.0
COL,2012,17.1,79.9,130.0
COL,2013,18.2,74.3,95.0
COL,2014,17.2,74.7,120.0
COL,2015,17.1,77.3,63.0
COL,2016,17.2,77.6,119.0
COL,2017,18.2,75.2,88.0
COL,2018,18.3,80.5,118.0
COL,2019,17.4,78.0,116.0
COL,2020,16.3,76.2,73.0
COL,2021,14.4,77.6,129.0
CRI,2000,17.9,75.8,116.0
CRI,2001,17.1,78.1,90.0
CRI,2002,17.6,78.9,62.0
CRI,2003,18.2,78.7,62.0
CRI,2004,18.2,76.4,88.0
CRI,2005,17.1,79.7,82.0
CRI,2006,17.9,76.8,114.0
CRI,2007,18.2,80.2,102.0
CRI,2008,19.2,82.7,81.0
CRI,2009,17.5,83.0,103.0
CRI,2010,17.0,82.1,115.0
CRI,2011,17.4,82.7,82.0
CRI,2012,18.4,82.8,57.0
CRI,2013,18.4,83.0,57.0
CRI,2014,18.3,78.1,80.0
CRI,2015,18.4,80.6,54.0
CRI,2016,18.3,80.1,86.0
CRI,2017,19.1,82.7,58.0
CRI,2018,19.4,77.7,86.0
CRI,2019,19.2,77.9,58.0
CRI,2020,18.1,77.3,62.0
CRI,2021,18.5,75.9,109.0
CZE,2000,12.8,75.0,124.0
CZE,2001,13.0,75.3,122.0
CZE,2002,14.5,75.4,165.0
CZE,2003,14.4,72.0,121.0
CZE,2004,13.1,75.8,115.0
CZE,2005,16.0,79.1,156.0
CZE,2006,16.4,76.6,67.0
CZE,2007,13.7,80.0,106.0
CZE,2008,16.7,80.2,65.0
CZE,2009,15.4,80.3,138.0
CZE,2010,15.5,74.4,136.0
CZE,2011,14.1,80.8,132.0
CZE,2012,17.0,78.0,58.0
CZE,2013,14.2,75.1,57.0
CZE,2014,16.0,81.6,85.0
CZE,2015,15.9,81.3,83.0
CZE,2016,16.2,78.9,109.0
CZE,2017,17.4,81.7,109.0
CZE,2018,14.7,81.7,51.0
CZE,2019,17.6,76.3,106.0
CZE,2020,17.0,78.1,110.0
CZE,2021,15.0,80.3,127.0
DEU,2000,15.1,75.0,94.0
DEU,2001,17.8,75.5,121.0
DEU,2002,16.7,78.5,61.0
DEU,2003,17.7,75.7,60.0
DEU,2004,16.9,79.0,112.0
DEU,2005,15.9,81.7,109.0
DEU,2006,18.2,79.6,81.0
DEU,2007,18.3,82.3,55.0
DEU,2008,18.3,82.3,54.0
DEU,2009,18.3,80.0,101.0
DEU,2010,18.4,82.5,53.0
DEU,2011,18.5,82.8,96.0
DEU,2012,17.6,80.6,93.0
DEU,2013,16.5,77.9,73.0
DEU,2014,16.7,83.1,91.0
DEU,2015,16.5,82.7,50.0
DEU,2016,17.6,78.4,50.0
DEU,2017,17.5,80.8,68.0
DEU,2018,16.6,78.4,68.0
DEU,2019,16.7,78.7,65.0
DEU,2020,18.4,80.8,66.0
DEU,2021,18.3,82.9,69.0
DNK,2000,15.8,79.1,100.0
DNK,2001,14.9,77.0,119.0
DNK,2002,16.7,77.0,76.0
DNK,2003,16.1,75.0,119.0
DNK,2004,17.2,75.4,71.0
DNK,2005,16.5,78.1,89.0
DNK,2006,16.6,78.2,114.0
DNK,2007,15.9,76.2,92.0
DNK,2008,17.7,76.5,86.0
DNK,2009,17.8,78.9,85.0
DNK,2010,17.1,81.1,102.0
DNK,2011,16.6,81.6,59.0
DNK,2012,16.7,78.1,57.0
DNK,2013,16.8,80.2,71.0
DNK,2014,17.1,78.6,51.0
DNK,2015,18.6,80.6,66.0
DNK,2016,18.6,79.0,80.0
DNK,2017,18.0,82.7,76.0
DNK,2018,17.1,79.0,76.0
DNK,2019,17.3,79.5,43.0
DNK,2020,18.2,83.2,70.0
DNK,2021,18.0,82.9,57.0
DZA,2000,15.2,72.5,116.0
DZA,2001,15.3,71.6,113.0
DZA,2002,15.4,73.1,111.0
DZA,2003,15.4,74.3,110.0
DZA,2004,15.5,74.7,105.0
DZA,2005,15.5,74.1,90.0
DZA,2006,15.6,73.6,100.0
DZA,2007,15.7,75.4,99.0
DZA,2008,15.7,75.6,107.0
DZA,2009,16.0,75.7,95.0
DZA,2010,15.8,75.3,92.0
DZA,2011,15.8,76.0,81.0
DZA,2012,16.2,76.2,98.0
DZA,2013,15.9,75.8,96.0
DZA,2014,16.4,75.9,86.0
DZA,2015,15.8,75.8,85.0
DZA,2016,16.1,76.3,84.0
DZA,2017,16.4,76.0,91.0
DZA,2018,16.1,76.1,91.0
DZA,2019,16.1,76.2,73.0
DZA,2020,14.5,73.0,105.0
DZA,2021,16.0,76.6,80.0
ECU,2000,14.7,75.9,150.0
ECU,2001,17.1,70.0,183.0
ECU,2002,16.0,76.6,147.0
ECU,2003,15.2,73.9,140.0
ECU,2004,16.4,77.3,100.0
ECU,2005,17.4,73.8,185.0
ECU,2006,17.3,74.0,140.0
ECU,2007,15.3,71.2,95.0
ECU,2008,17.5,74.4,96.0
ECU,2009,17.6,71.9,94.0
ECU,2010,17.6,78.3,167.0
ECU,2011,17.8,78.6,89.0
ECU,2012,17.6,73.1,150.0
ECU,2013,16.9,73.8,141.0
ECU,2014,17.9,74.4,135.0
ECU,2015,17.9,77.2,76.0
ECU,2016,17.9,77.2,104.0
ECU,2017,17.9,77.3,76.0
ECU,2018,16.4,75.0,75.0
ECU,2019,16.5,80.2,101.0
ECU,2020,14.2,76.4,196.0
ECU,2021,16.3,71.0,104.0
EGY,2000,12.6,66.4,130.0
EGY,2001,14.3,68.8,223.0
EGY,2002,12.1,66.2,179.0
EGY,2003,12.9,68.8,224.0
EGY,2004,14.0,66.5,222.0
EGY,2005,13.2,69.5,218.0
EGY,2006,13.1,66.9,220.0
EGY,2007,12.1,69.7,217.0
EGY,2008,13.1,67.1,174.0
EGY,2009,13.0,67.1,176.0
EGY,2010,13.9,67.2,130.0
EGY,2011,12.0,70.1,218.0
EGY,2012,13.7,72.7,170.0
EGY,2013,12.0,67.6,164.0
EGY,2014,11.9,73.2,202.0
EGY,2015,11.5,67.5,162.0
EGY,2016,12.8,73.5,114.0
EGY,2017,13.0,68.6,106.0
EGY,2018,12.9,71.4,106.0
EGY,2019,13.0,71.6,103.0
EGY,2020,12.0,72.6,191.0
EGY,2021,10.3,69.1,131.0
ESP,2000,18.8,79.1,86.0
ESP,2001,15.9,82.8,48.0
ESP,2002,17.6,76.2,48.0
ESP,2003,18.9,82.7,117.0
ESP,2004,17.8,83.2,80.0
ESP,2005,19.1,80.0,78.0
ESP,2006,19.5,77.5,44.0
ESP,2007,18.1,83.8,74.0
ESP,2008,16.8,78.0,99.0
ESP,2009,19.7,78.4,69.0
ESP,2010,17.1,78.8,91.0
ESP,2011,19.9,79.0,89.0
ESP,2012,19.9,84.7,40.0
ESP,2013,18.9,82.5,40.0
ESP,2014,17.6,85.2,78.0
ESP,2015,17.4,84.9,39.0
ESP,2016,17.7,80.0,76.0
ESP,2017,20.1,80.1,38.0
ESP,2018,17.7,80.2,56.0
ESP,2019,20.3,80.5,71.0
ESP,2020,18.4,81.9,38.0
ESP,2021,20.1,80.0,73.0
EST,2000,11.7,76.2,213.0
EST,2001,14.2,76.5,224.0
EST,2002,11.8,76.8,212.0
EST,2003,11.9,71.9,106.0
EST,2004,14.5,72.3,194.0
EST,2005,12.2,67.4,186.0
EST,2006,16.6,67.6,184.0
EST,2007,14.9,73.1,277.0
EST,2008,15.2,68.9,85.0
EST,2009,17.4,75.0,78.0
EST,2010,13.3,70.8,135.0
EST,2011,13.7,71.3,137.0
EST,2012,13.7,81.2,199.0
EST,2013,18.0,81.3,68.0
EST,2014,18.1,77.1,65.0
EST,2015,18.2,73.1,63.0
EST,2016,14.3,73.2,117.0
EST,2017,18.4,78.2,155.0
EST,2018,16.7,82.3,107.0
EST,2019,18.6,82.6,100.0
EST,2020,14.5,82.5,151.0
EST,2021,15.8,81.2,113.0
ETH,2000,10.0,50.8,409.0
ETH,2001,10.5,53.4,374.0
ETH,2002,10.5,54.5,361.0
ETH,2003,11.0,54.1,346.0
ETH,2004,11.1,56.6,334.0
ETH,2005,11.4,56.3,317.0
ETH,2006,11.5,59.3,305.0
ETH,2007,11.8,60.9,287.0
ETH,2008,12.0,61.0,271.0
ETH,2009,12.3,63.6,258.0
ETH,2010,12.9,64.8,245.0
ETH,2011,13.1,64.3,196.0
ETH,2012,13.0,66.8,205.0
ETH,2013,13.9,67.6,197.0
ETH,2014,13.7,66.6,212.0
ETH,2015,13.3,67.1,167.0
ETH,2016,13.9,65.9,163.0
ETH,2017,13.9,66.4,159.0
ETH,2018,13.6,68.5,176.0
ETH,2019,14.1,68.8,193.0
ETH,2020,13.2,70.7,151.0
ETH,2021,13.0,69.7,170.0
FIN,2000,16.2,74.1,104.0
FIN,2001,16.4,74.6,137.0
FIN,2002,16.3,81.3,98.0
FIN,2003,14.9,78.4,97.0
FIN,2004,15.1,82.0,61.0
FIN,2005,18.2,82.3,62.0
FIN,2006,18.4,82.6,57.0
FIN,2007,18.5,82.7,57.0
FIN,2008,15.8,79.6,129.0
FIN,2009,15.8,76.4,56.0
FIN,2010,15.9,83.0,120.0
FIN,2011,17.6,80.3,51.0
FIN,2012,17.6,83.2,108.0
FIN,2013,17.7,77.8,105.0
FIN,2014,17.8,80.9,45.0
FIN,2015,17.9,78.5,43.0
FIN,2016,17.9,81.1,70.0
FIN,2017,18.1,83.9,68.0
FIN,2018,19.2,81.4,90.0
FIN,2019,18.3,81.6,43.0
FIN,2020,17.1,78.9,68.0
FIN,2021,16.9,84.1,65.0
FJI,2000,11.0,65.8,296.0
FJI,2001,10.3,66.3,241.0
FJI,2002,11.3,66.7,195.0
FJI,2003,11.3,64.7,235.0
FJI,2004,10.8,65.2,229.0
FJI,2005,12.7,69.6,235.0
FJI,2006,12.7,67.1,276.0
FJI,2007,10.9,69.5,275.0
FJI,2008,11.6,65.2,275.0
FJI,2009,12.3,69.1,267.0
FJI,2010,11.7,69.3,268.0
FJI,2011,12.3,65.5,196.0
FJI,2012,12.4,65.6,231.0
FJI,2013,11.0,67.6,264.0
FJI,2014,12.5,67.7,190.0
FJI,2015,11.8,67.8,189.0
FJI,2016,11.8,67.7,225.0
FJI,2017,12.7,70.1,257.0
FJI,2018,11.9,67.9,255.0
FJI,2019,12.8,70.1,253.0
FJI,2020,11.9,70.2,179.0
FJI,2021,10.8,67.7,224.0
FRA,2000,15.7,75.2,138.0
FRA,2001,15.8,79.0,100.0
FRA,2002,18.8,82.6,99.0
FRA,2003,15.9,75.7,134.0
FRA,2004,17.8,83.3,126.0
FRA,2005,16.3,80.0,126.0
FRA,2006,18.1,80.5,123.0
FRA,2007,16.8,80.8,55.0
FRA,2008,18.4,80.9,87.0
FRA,2009,17.1,84.2,118.0
FRA,2010,17.2,78.0,54.0
FRA,2011,20.0,78.4,53.0
FRA,2012,17.3,84.5,108.0
FRA,2013,18.8,81.8,77.0
FRA,2014,20.2,82.2,99.0
FRA,2015,17.8,84.7,100.0
FRA,2016,19.1,84.9,48.0
FRA,2017,20.0,79.4,70.0
FRA,2018,18.0,82.4,46.0
FRA,2019,20.3,85.2,45.0
FRA,2020,18.6,81.9,92.0
FRA,2021,18.6,84.7,70.0
GBR,2000,15.2,80.1,67.0
GBR,2001,15.4,78.0,66.0
GBR,2002,16.5,75.8,107.0
GBR,2003,16.5,80.2,65.0
GBR,2004,16.8,80.7,101.0
GBR,2005,16.1,76.8,81.0
GBR,2006,17.9,77.1,61.0
GBR,2007,17.3,81.4,98.0
GBR,2008,18.0,77.6,97.0
GBR,2009,16.8,80.0,95.0
GBR,2010,17.7,78.3,92.0
GBR,2011,17.9,80.6,72.0
GBR,2012,17.2,82.3,84.0
GBR,2013,17.9,80.7,69.0
GBR,2014,17.4,82.6,84.0
GBR,2015,17.8,78.9,69.0
GBR,2016,17.3,80.8,70.0
GBR,2017,17.4,79.2,53.0
GBR,2018,17.3,78.9,89.0
GBR,2019,18.8,81.2,69.0
GBR,2020,18.2,78.3,57.0
GBR,2021,17.5,80.1,97.0
GHA,2000,12.7,59.1,316.0
GHA,2001,12.1,59.2,304.0
GHA,2002,12.1,57.9,307.0
GHA,2003,11.4,61.1,287.0
GHA,2004,12.1,61.5,283.0
GHA,2005,11.3,58.3,279.0
GHA,2006,12.1,62.3,303.0
GHA,2007,12.1,58.7,299.0
GHA,2008,13.1,61.1,294.0
GHA,2009,12.2,63.8,253.0
GHA,2010,13.2,64.3,320.0
GHA,2011,12.3,65.0,234.0
GHA,2012,11.5,63.2,224.0
GHA,2013,12.5,63.6,219.0
GHA,2014,13.6,66.6,258.0
GHA,2015,11.7,61.9,255.0
GHA,2016,12.8,67.4,250.0
GHA,2017,11.9,67.8,290.0
GHA,2018,12.0,68.2,197.0
GHA,2019,12.1,66.0,233.0
GHA,2020,12.8,66.2,186.0
GHA,2021,12.9,68.6,275.0
GRC,2000,17.5,76.0,48.0
GRC,2001,16.1,81.3,113.0
GRC,2002,16.1,76.6,48.0
GRC,2003,16.9,79.1,79.0
GRC,2004,16.2,76.8,48.0
GRC,2005,17.2,77.0,111.0
GRC,2006,18.1,79.7,77.0
GRC,2007,17.3,82.0,47.0
GRC,2008,16.6,79.9,77.0
GRC,2009,17.7,80.0,111.0
GRC,2010,17.8,80.2,46.0
GRC,2011,17.9,78.0,46.0
GRC,2012,16.9,77.9,106.0
GRC,2013,17.2,78.5,45.0
GRC,2014,17.3,80.8,44.0
GRC,2015,17.0,80.4,44.0
GRC,2016,18.9,82.9,46.0
GRC,2017,17.9,82.9,96.0
GRC,2018,17.4,81.1,42.0
GRC,2019,18.8,78.8,42.0
GRC,2020,17.0,78.5,95.0
GRC,2021,18.1,82.0,79.0
HRV,2000,12.9,74.8,126.0
HRV,2001,16.0,78.6,125.0
HRV,2002,12.9,71.3,122.0
HRV,2003,14.5,74.9,70.0
HRV,2004,13.1,79.1,162.0
HRV,2005,13.1,75.5,168.0
HRV,2006,13.5,72.5,164.0
HRV,2007,15.1,75.9,116.0
HRV,2008,16.6,72.5,117.0
HRV,2009,16.6,79.8,61.0
HRV,2010,16.8,79.9,63.0
HRV,2011,15.7,80.4,61.0
HRV,2012,17.1,77.4,101.0
HRV,2013,16.0,81.0,94.0
HRV,2014,17.3,78.1,92.0
HRV,2015,15.7,74.5,130.0
HRV,2016,17.4,75.2,51.0
HRV,2017,17.2,78.1,54.0
HRV,2018,16.2,75.2,54.0
HRV,2019,16.3,81.6,86.0
HRV,2020,14.3,77.9,53.0
HRV,2021,15.1,76.9,134.0
HUN,2000,14.8,67.1,117.0
HUN,2001,13.8,68.2,185.0
HUN,2002,12.0,76.6,110.0
HUN,2003,15.3,76.6,184.0
HUN,2004,14.0,68.7,180.0
HUN,2005,15.5,77.0,182.0
HUN,2006,15.8,77.6,249.0
HUN,2007,15.9,77.5,246.0
HUN,2008,16.1,74.0,233.0
HUN,2009,16.2,70.2,164.0
HUN,2010,14.7,74.6,219.0
HUN,2011,14.8,74.9,93.0
HUN,2012,13.1,75.1,142.0
HUN,2013,13.3,75.6,183.0
HUN,2014,16.5,72.2,180.0
HUN,2015,14.9,72.2,132.0
HUN,2016,16.6,72.5,172.0
HUN,2017,15.0,75.9,168.0
HUN,2018,13.3,79.4,122.0
HUN,2019,13.5,73.0,117.0
HUN,2020,16.1,75.8,157.0
HUN,2021,14.0,77.8,93.0
IDN,2000,13.4,67.2,192.0
IDN,2001,13.2,68.7,174.0
IDN,2002,13.2,66.4,190.0
IDN,2003,13.5,66.5,170.0
IDN,2004,12.8,67.3,211.0
IDN,2005,13.2,69.7,185.0
IDN,2006,13.5,69.9,205.0
IDN,2007,13.6,67.1,204.0
IDN,2008,13.3,70.4,180.0
IDN,2009,13.7,70.7,202.0
IDN,2010,12.8,70.9,176.0
IDN,2011,13.8,67.8,149.0
IDN,2012,13.9,69.8,170.0
IDN,2013,14.0,68.3,167.0
IDN,2014,14.0,70.3,140.0
IDN,2015,14.1,72.3,162.0
IDN,2016,14.2,70.8,160.0
IDN,2017,14.2,69.2,181.0
IDN,2018,14.3,73.0,131.0
IDN,2019,13.2,73.3,152.0
IDN,2020,12.7,69.7,202.0
IDN,2021,11.9,66.4,199.0
IND,2000,12.7,64.3,222.0
IND,2001,12.3,62.5,248.0
IND,2002,13.2,63.0,213.0
IND,2003,12.3,63.4,172.0
IND,2004,13.4,65.1,201.0
IND,2005,12.6,64.2,197.0
IND,2006,12.7,67.3,194.0
IND,2007,12.5,67.7,192.0
IND,2008,12.9,68.1,227.0
IND,2009,13.5,68.8,146.0
IND,2010,12.7,65.8,223.0
IND,2011,12.7,69.8,142.0
IND,2012,13.6,68.2,218.0
IND,2013,13.3,70.2,213.0
IND,2014,13.0,67.4,207.0
IND,2015,13.1,69.4,204.0
IND,2016,13.6,68.4,173.0
IND,2017,13.3,68.7,170.0
IND,2018,13.2,68.9,167.0
IND,2019,13.3,72.4,190.0
IND,2020,13.0,70.2,199.0
IND,2021,11.9,67.3,252.0
IRL,2000,14.4,79.0,70.0
IRL,2001,14.7,79.7,112.0
IRL,2002,17.2,74.9,113.0
IRL,2003,15.2,80.4,102.0
IRL,2004,16.5,75.9,102.0
IRL,2005,15.8,81.1,58.0
IRL,2006,17.9,79.1,59.0
IRL,2007,17.9,81.6,54.0
IRL,2008,18.2,81.8,57.0
IRL,2009,18.3,77.2,57.0
IRL,2010,17.0,82.6,68.0
IRL,2011,17.8,82.4,86.0
IRL,2012,16.9,82.6,51.0
IRL,2013,17.1,78.8,65.0
IRL,2014,17.4,81.1,79.0
IRL,2015,17.4,79.3,74.0
IRL,2016,18.9,81.4,60.0
IRL,2017,18.4,81.6,72.0
IRL,2018,19.0,81.7,58.0
IRL,2019,17.9,80.3,69.0
IRL,2020,18.3,79.9,56.0
IRL,2021,18.9,83.4,70.0
IRN,2000,15.4,75.2,146.0
IRN,2001,15.4,75.5,82.0
IRN,2002,15.4,72.4,80.0
IRN,2003,15.7,71.8,95.0
IRN,2004,16.0,76.6,111.0
IRN,2005,15.5,74.9,73.0
IRN,2006,15.9,73.2,140.0
IRN,2007,15.7,77.7,138.0
IRN,2008,16.2,73.9,103.0
IRN,2009,16.6,76.2,65.0
IRN,2010,16.2,78.6,98.0
IRN,2011,16.3,78.8,95.0
IRN,2012,16.7,75.5,122.0
IRN,2013,16.4,78.9,92.0
IRN,2014,16.4,75.8,62.0
IRN,2015,16.4,77.3,91.0
IRN,2016,16.4,79.0,61.0
IRN,2017,16.4,77.5,88.0
IRN,2018,16.5,76.3,88.0
IRN,2019,16.6,79.4,59.0
IRN,2020,15.1,75.2,133.0
IRN,2021,14.8,74.7,121.0
IRQ,2000,15.0,66.9,220.0
IRQ,2001,14.3,67.2,215.0
IRQ,2002,15.2,72.4,212.0
IRQ,2003,13.3,65.7,196.0
IRQ,2004,13.4,65.8,195.0
IRQ,2005,15.2,65.1,148.0
IRQ,2006,13.4,67.7,154.0
IRQ,2007,13.3,67.8,217.0
IRQ,2008,15.2,72.9,183.0
IRQ,2009,14.5,73.4,171.0
IRQ,2010,15.3,68.3,204.0
IRQ,2011,13.7,68.6,199.0
IRQ,2012,13.8,74.3,159.0
IRQ,2013,15.5,74.3,124.0
IRQ,2014,14.8,74.1,187.0
IRQ,2015,15.6,67.5,174.0
IRQ,2016,15.7,71.1,122.0
IRQ,2017,15.7,75.0,215.0
IRQ,2018,13.7,70.4,138.0
IRQ,2019,14.5,72.9,105.0
IRQ,2020,12.5,73.8,107.0
IRQ,2021,12.0,73.9,117.0
ISL,2000,17.4,81.6,88.0
ISL,2001,16.8,78.1,70.0
ISL,2002,18.4,82.2,67.0
ISL,2003,17.8,78.7,65.0
ISL,2004,17.9,80.8,73.0
ISL,2005,17.2,80.9,61.0
ISL,2006,18.0,81.0,70.0
ISL,2007,18.7,82.9,58.0
ISL,2008,18.7,83.0,69.0
ISL,2009,18.2,81.5,68.0
ISL,2010,17.7,80.0,53.0
ISL,2011,19.0,81.9,66.0
ISL,2012,18.0,82.0,66.0
ISL,2013,18.2,82.1,66.0
ISL,2014,18.7,83.5,54.0
ISL,2015,19.2,80.7,54.0
ISL,2016,19.2,83.6,40.0
ISL,2017,18.5,82.3,68.0
ISL,2018,19.0,83.8,68.0
ISL,2019,19.1,81.1,68.0
ISL,2020,19.5,82.6,68.0
ISL,2021,18.7,83.9,67.0
ISR,2000,16.0,78.5,104.0
ISR,2001,17.7,81.0,104.0
ISR,2002,17.6,78.6,111.0
ISR,2003,17.1,76.9,99.0
ISR,2004,17.9,77.3,97.0
ISR,2005,17.3,79.7,93.0
ISR,2006,17.5,77.9,49.0
ISR,2007,16.8,80.1,69.0
ISR,2008,18.3,82.4,47.0
ISR,2009,18.8,79.1,47.0
ISR,2010,18.3,83.3,59.0
ISR,2011,18.3,81.6,43.0
ISR,2012,18.8,79.7,76.0
ISR,2013,19.0,81.9,41.0
ISR,2014,19.2,83.6,89.0
ISR,2015,18.5,83.8,56.0
ISR,2016,18.7,83.9,55.0
ISR,2017,18.0,84.2,54.0
ISR,2018,19.5,80.7,37.0
ISR,2019,18.9,80.7,37.0
ISR,2020,18.7,84.3,52.0
ISR,2021,17.9,82.1,54.0
ITA,2000,18.3,76.4,51.0
ITA,2001,15.8,79.7,50.0
ITA,2002,15.9,77.0,95.0
ITA,2003,17.2,77.0,95.0
ITA,2004,18.8,77.7,90.0
ITA,2005,18.7,80.5,66.0
ITA,2006,19.1,83.6,64.0
ITA,2007,19.1,78.5,43.0
ITA,2008,19.2,81.4,81.0
ITA,2009,18.2,79.0,43.0
ITA,2010,17.2,79.4,41.0
ITA,2011,18.4,79.4,76.0
ITA,2012,19.4,81.8,41.0
ITA,2013,17.5,82.3,71.0
ITA,2014,18.8,82.6,68.0
ITA,2015,18.6,82.2,69.0
ITA,2016,18.9,84.9,50.0
ITA,2017,19.6,84.5,52.0
ITA,2018,19.7,84.8,37.0
ITA,2019,19.8,84.9,64.0
ITA,2020,19.1,79.8,37.0
ITA,2021,19.3,84.3,54.0
JOR,2000,14.2,72.3,116.0
JOR,2001,14.0,72.7,120.0
JOR,2002,16.2,72.3,117.0
JOR,2003,16.4,75.2,111.0
JOR,2004,16.6,75.6,111.0
JOR,2005,14.2,73.4,109.0
JOR,2006,16.8,73.9,104.0
JOR,2007,13.9,74.6,89.0
JOR,2008,17.1,75.8,80.0
JOR,2009,17.0,76.6,88.0
JOR,2010,17.1,76.7,85.0
JOR,2011,15.4,77.3,66.0
JOR,2012,15.5,77.6,80.0
JOR,2013,17.3,77.9,77.0
JOR,2014,16.3,78.4,74.0
JOR,2015,16.1,79.0,71.0
JOR,2016,17.7,79.2,69.0
JOR,2017,16.5,79.6,53.0
JOR,2018,16.8,79.7,64.0
JOR,2019,17.3,80.3,75.0
JOR,2020,15.9,77.6,59.0
JOR,2021,14.8,77.0,78.0
JPN,2000,16.8,84.8,73.0
JPN,2001,19.0,78.4,46.0
JPN,2002,17.1,78.7,70.0
JPN,2003,17.2,78.7,45.0
JPN,2004,21.1,85.6,91.0
JPN,2005,21.0,85.5,69.0
JPN,2006,19.4,79.3,67.0
JPN,2007,17.6,85.9,66.0
JPN,2008,21.3,79.6,86.0
JPN,2009,21.5,83.2,64.0
JPN,2010,17.8,79.9,42.0
JPN,2011,17.8,85.7,44.0
JPN,2012,19.8,80.3,40.0
JPN,2013,18.2,83.6,39.0
JPN,2014,21.6,80.8,56.0
JPN,2015,21.7,84.0,54.0
JPN,2016,18.6,86.9,37.0
JPN,2017,18.6,84.3,66.0
JPN,2018,20.4,87.1,51.0
JPN,2019,21.9,81.7,35.0
JPN,2020,18.9,84.7,64.0
JPN,2021,18.7,84.5,35.0
KEN,2000,12.4,55.2,474.0
KEN,2001,12.4,54.3,491.0
KEN,2002,13.5,54.6,494.0
KEN,2003,10.9,53.7,496.0
KEN,2004,10.8,55.5,456.0
KEN,2005,12.2,55.0,478.0
KEN,2006,13.4,59.0,459.0
KEN,2007,12.3,58.6,413.0
KEN,2008,13.5,61.3,394.0
KEN,2009,13.5,60.5,372.0
KEN,2010,13.4,59.4,353.0
KEN,2011,12.5,64.1,336.0
KEN,2012,13.6,65.1,321.0
KEN,2013,12.7,63.1,265.0
KEN,2014,11.8,66.1,256.0
KEN,2015,13.7,64.3,242.0
KEN,2016,13.8,67.5,310.0
KEN,2017,13.9,68.1,216.0
KEN,2018,13.1,63.6,286.0
KEN,2019,14.0,69.0,201.0
KEN,2020,11.3,64.1,260.0
KEN,2021,13.0,69.2,210.0
KOR,2000,15.5,75.9,166.0
KOR,2001,17.3,73.0,110.0
KOR,2002,14.2,80.2,57.0
KOR,2003,16.2,74.0,100.0
KOR,2004,14.7,77.9,95.0
KOR,2005,18.1,75.0,91.0
KOR,2006,18.4,82.1,48.0
KOR,2007,18.7,79.4,117.0
KOR,2008,17.6,76.5,114.0
KOR,2009,19.4,83.6,113.0
KOR,2010,16.1,83.8,79.0
KOR,2011,18.2,84.2,76.0
KOR,2012,19.7,77.7,72.0
KOR,2013,16.7,78.3,69.0
KOR,2014,16.9,85.2,38.0
KOR,2015,17.0,79.1,36.0
KOR,2016,17.2,85.7,60.0
KOR,2017,20.7,83.1,57.0
KOR,2018,19.3,86.0,35.0
KOR,2019,19.7,80.6,56.0
KOR,2020,17.9,86.6,55.0
KOR,2021,19.6,83.8,54.0
LBN,2000,15.9,74.3,81.0
LBN,2001,15.2,77.4,77.0
LBN,2002,15.4,77.8,73.0
LBN,2003,16.2,78.0,87.0
LBN,2004,16.0,77.1,68.0
LBN,2005,16.5,75.4,67.0
LBN,2006,16.5,76.8,118.0
LBN,2007,16.0,79.3,63.0
LBN,2008,16.1,75.4,62.0
LBN,2009,16.1,77.8,82.0
LBN,2010,15.3,80.1,104.0
LBN,2011,17.0,75.6,104.0
LBN,2012,15.2,75.6,81.0
LBN,2013,17.2,80.5,107.0
LBN,2014,15.2,80.6,58.0
LBN,2015,17.4,78.4,56.0
LBN,2016,15.5,78.8,53.0
LBN,2017,16.8,81.3,96.0
LBN,2018,17.8,79.4,49.0
LBN,2019,15.8,81.5,50.0
LBN,2020,16.2,80.4,116.0
LBN,2021,14.2,77.5,78.0
LBY,2000,15.3,75.9,112.0
LBY,2001,15.5,75.8,146.0
LBY,2002,16.1,73.5,148.0
LBY,2003,15.2,71.4,150.0
LBY,2004,14.8,73.8,152.0
LBY,2005,15.0,75.7,154.0
LBY,2006,15.7,76.0,106.0
LBY,2007,15.6,74.5,108.0
LBY,2008,14.9,74.2,108.0
LBY,2009,15.1,75.6,109.0
LBY,2010,14.8,74.1,149.0
LBY,2011,14.8,69.0,168.0
LBY,2012,15.0,72.4,111.0
LBY,2013,14.8,75.7,133.0
LBY,2014,15.1,70.2,162.0
LBY,2015,14.5,72.7,201.0
LBY,2016,14.7,75.2,163.0
LBY,2017,14.3,73.2,155.0
LBY,2018,14.3,75.6,118.0
LBY,2019,14.8,75.7,118.0
LBY,2020,14.6,70.4,187.0
LBY,2021,13.6,74.2,134.0
LTU,2000,16.2,72.0,103.0
LTU,2001,12.2,65.9,210.0
LTU,2002,16.1,71.7,104.0
LTU,2003,12.2,71.8,107.0
LTU,2004,16.3,66.2,307.0
LTU,2005,16.3,77.2,223.0
LTU,2006,16.2,65.0,117.0
LTU,2007,16.3,70.6,239.0
LTU,2008,16.4,71.6,223.0
LTU,2009,16.6,72.8,287.0
LTU,2010,16.7,73.1,191.0
LTU,2011,16.9,73.5,97.0
LTU,2012,15.0,79.3,93.0
LTU,2013,12.6,73.9,265.0
LTU,2014,12.8,74.5,250.0
LTU,2015,17.0,69.1,165.0
LTU,2016,12.8,69.4,242.0
LTU,2017,15.5,75.5,213.0
LTU,2018,13.2,80.4,207.0
LTU,2019,15.8,76.2,137.0
LTU,2020,12.5,70.0,224.0
LTU,2021,16.3,74.1,229.0
LUX,2000,18.0,78.4,91.0
LUX,2001,18.0,75.6,61.0
LUX,2002,18.0,81.6,86.0
LUX,2003,18.1,76.2,56.0
LUX,2004,18.1,81.8,107.0
LUX,2005,17.2,76.9,103.0
LUX,2006,16.2,82.3,97.0
LUX,2007,16.4,82.5,73.0
LUX,2008,17.7,78.2,70.0
LUX,2009,17.9,80.9,50.0
LUX,2010,17.0,81.2,81.0
LUX,2011,18.2,83.5,48.0
LUX,2012,19.1,81.6,46.0
LUX,2013,17.5,83.9,43.0
LUX,2014,19.4,84.1,56.0
LUX,2015,19.5,82.4,53.0
LUX,2016,18.7,84.5,51.0
LUX,2017,18.0,84.6,62.0
LUX,2018,18.9,84.7,49.0
LUX,2019,19.6,80.8,60.0
LUX,2020,18.9,82.8,48.0
LUX,2021,18.8,84.8,48.0
LVA,2000,11.3,70.2,117.0
LVA,2001,11.3,69.8,125.0
LVA,2002,11.3,70.1,225.0
LVA,2003,15.4,75.5,312.0
LVA,2004,11.4,70.8,307.0
LVA,2005,15.7,76.1,219.0
LVA,2006,13.8,70.4,333.0
LVA,2007,13.9,65.2,323.0
LVA,2008,14.3,77.1,290.0
LVA,2009,16.4,67.5,184.0
LVA,2010,12.1,67.7,180.0
LVA,2011,14.9,68.5,247.0
LVA,2012,16.7,68.8,244.0
LVA,2013,15.1,78.6,241.0
LVA,2014,12.7,74.4,87.0
LVA,2015,15.3,74.8,228.0
LVA,2016,15.3,79.5,85.0
LVA,2017,15.3,75.0,152.0
LVA,2018,13.0,75.1,85.0
LVA,2019,15.6,71.1,204.0
LVA,2020,15.3,70.9,206.0
LVA,2021,15.9,77.9,176.0
MAR,2000,14.5,70.2,134.0
MAR,2001,14.5,69.6,144.0
MAR,2002,14.7,71.4,150.0
MAR,2003,14.6,70.9,133.0
MAR,2004,14.5,71.0,133.0
MAR,2005,14.2,71.9,148.0
MAR,2006,14.3,72.1,131.0
MAR,2007,14.4,72.3,138.0
MAR,2008,14.4,72.6,136.0
MAR,2009,14.3,72.2,134.0
MAR,2010,14.3,73.1,126.0
MAR,2011,14.4,73.3,124.0
MAR,2012,14.4,73.5,135.0
MAR,2013,14.3,73.7,133.0
MAR,2014,14.3,73.1,131.0
MAR,2015,14.2,73.3,129.0
MAR,2016,14.3,74.3,122.0
MAR,2017,14.4,73.5,125.0
MAR,2018,14.1,72.7,116.0
MAR,2019,13.9,72.9,114.0
MAR,2020,13.7,73.9,121.0
MAR,2021,13.4,71.5,128.0
MDG,2000,11.5,58.7,295.0
MDG,2001,11.4,59.2,274.0
MDG,2002,11.7,59.4,294.0
MDG,2003,11.3,58.6,278.0
MDG,2004,11.4,61.2,292.0
MDG,2005,11.5,61.8,288.0
MDG,2006,11.8,62.4,246.0
MDG,2007,12.0,60.6,259.0
MDG,2008,12.2,62.0,239.0
MDG,2009,12.3,61.2,256.0
MDG,2010,12.1,63.6,236.0
MDG,2011,12.0,63.9,268.0
MDG,2012,12.4,61.9,249.0
MDG,2013,12.4,62.1,264.0
MDG,2014,12.5,64.3,263.0
MDG,2015,12.5,62.3,228.0
MDG,2016,12.3,63.5,226.0
MDG,2017,12.5,64.6,239.0
MDG,2018,12.5,64.7,236.0
MDG,2019,12.6,64.8,233.0
MDG,2020,12.2,61.9,242.0
MDG,2021,11.9,61.9,233.0
MEX,2000,15.9,71.7,140.0
MEX,2001,16.4,74.6,136.0
MEX,2002,16.0,74.6,136.0
MEX,2003,15.4,77.0,174.0
MEX,2004,16.1,77.4,131.0
MEX,2005,15.5,74.9,170.0
MEX,2006,16.7,77.7,94.0
MEX,2007,15.7,75.5,92.0
MEX,2008,16.0,77.6,175.0
MEX,2009,16.2,77.7,179.0
MEX,2010,16.0,77.7,92.0
MEX,2011,16.2,72.7,177.0
MEX,2012,15.7,72.9,174.0
MEX,2013,17.0,78.6,128.0
MEX,2014,16.4,73.3,90.0
MEX,2015,16.9,75.9,128.0
MEX,2016,16.9,78.5,178.0
MEX,2017,15.9,75.9,136.0
MEX,2018,15.9,78.9,91.0
MEX,2019,15.9,75.8,189.0
MEX,2020,15.1,75.1,274.0
MEX,2021,14.9,74.7,141.0
MKD,2000,12.7,75.2,87.0
MKD,2001,14.6,73.3,126.0
MKD,2002,13.5,75.5,82.0
MKD,2003,14.3,73.2,123.0
MKD,2004,14.4,75.8,81.0
MKD,2005,14.5,73.7,116.0
MKD,2006,13.1,73.8,117.0
MKD,2007,12.9,75.8,149.0
MKD,2008,14.6,74.3,79.0
MKD,2009,14.8,72.5,75.0
MKD,2010,14.2,72.7,138.0
MKD,2011,14.9,75.0,71.0
MKD,2012,14.9,73.0,130.0
MKD,2013,14.5,77.5,68.0
MKD,2014,13.6,73.2,98.0
MKD,2015,13.7,77.3,96.0
MKD,2016,13.8,77.7,95.0
MKD,2017,15.4,76.0,64.0
MKD,2018,14.2,76.5,89.0
MKD,2019,14.6,76.1,60.0
MKD,2020,12.5,74.4,81.0
MKD,2021,12.2,75.2,106.0
MMR,2000,11.3,61.9,293.0
MMR,2001,10.5,57.4,337.0
MMR,2002,10.6,60.2,235.0
MMR,2003,11.6,58.3,232.0
MMR,2004,12.6,63.7,226.0
MMR,2005,11.0,61.6,269.0
MMR,2006,12.1,64.8,213.0
MMR,2007,13.2,60.1,304.0
MMR,2008,10.7,58.2,296.0
MMR,2009,13.5,64.0,291.0
MMR,2010,13.7,61.7,283.0
MMR,2011,13.9,65.2,278.0
MMR,2012,13.0,69.2,270.0
MMR,2013,13.2,69.7,157.0
MMR,2014,14.4,67.0,202.0
MMR,2015,13.4,70.7,146.0
MMR,2016,12.3,71.1,191.0
MMR,2017,13.5,71.3,140.0
MMR,2018,14.7,68.6,133.0
MMR,2019,12.4,68.8,228.0
MMR,2020,12.0,65.7,225.0
MMR,2021,11.8,71.1,146.0
MNE,2000,14.5,73.4,180.0
MNE,2001,13.4,75.8,137.0
MNE,2002,15.1,75.8,100.0
MNE,2003,15.1,75.8,98.0
MNE,2004,14.3,73.7,133.0
MNE,2005,13.4,74.0,92.0
MNE,2006,14.5,71.8,127.0
MNE,2007,15.5,77.1,85.0
MNE,2008,15.7,75.0,159.0
MNE,2009,15.9,72.9,81.0
MNE,2010,15.1,78.1,113.0
MNE,2011,16.1,76.0,110.0
MNE,2012,16.1,73.7,108.0
MNE,2013,15.3,76.4,74.0
MNE,2014,14.2,76.6,133.0
MNE,2015,16.6,79.4,100.0
MNE,2016,15.6,77.1,130.0
MNE,2017,15.6,74.2,68.0
MNE,2018,14.2,80.1,67.0
MNE,2019,16.7,73.9,68.0
MNE,2020,13.0,78.5,150.0
MNE,2021,13.9,71.6,77.0
MOZ,2000,9.6,48.9,331.0
MOZ,2001,9.6,53.4,435.0
MOZ,2002,9.6,49.4,449.0
MOZ,2003,10.9,49.6,403.0
MOZ,2004,12.4,49.8,377.0
MOZ,2005,12.4,49.9,480.0
MOZ,2006,12.3,54.3,429.0
MOZ,2007,10.8,54.8,393.0
MOZ,2008,9.3,50.8,389.0
MOZ,2009,12.2,51.1,433.0
MOZ,2010,12.0,53.3,395.0
MOZ,2011,9.1,51.2,510.0
MOZ,2012,9.1,51.4,397.0
MOZ,2013,10.6,54.2,511.0
MOZ,2014,9.3,55.0,370.0
MOZ,2015,10.8,58.8,349.0
MOZ,2016,12.3,56.6,478.0
MOZ,2017,11.1,57.3,465.0
MOZ,2018,11.3,61.1,451.0
MOZ,2019,10.0,58.5,294.0
MOZ,2020,9.5,61.8,433.0
MOZ,2021,11.5,54.8,318.0
MYS,2000,13.8,75.5,101.0
MYS,2001,13.5,75.9,96.0
MYS,2002,14.6,76.0,165.0
MYS,2003,14.6,73.6,169.0
MYS,2004,14.7,76.2,167.0
MYS,2005,14.8,76.3,165.0
MYS,2006,14.0,74.3,92.0
MYS,2007,14.1,74.4,162.0
MYS,2008,14.0,76.5,131.0
MYS,2009,14.4,76.3,171.0
MYS,2010,14.4,74.0,170.0
MYS,2011,14.5,72.3,133.0
MYS,2012,14.8,76.7,91.0
MYS,2013,15.2,74.7,92.0
MYS,2014,15.2,76.7,133.0
MYS,2015,14.4,76.4,177.0
MYS,2016,15.2,72.6,141.0
MYS,2017,14.8,72.7,101.0
MYS,2018,14.8,72.6,179.0
MYS,2019,14.5,74.7,139.0
MYS,2020,16.3,78.6,123.0
MYS,2021,14.5,70.6,118.0
NAM,2000,11.9,55.1,465.0
NAM,2001,11.8,52.4,532.0
NAM,2002,10.7,50.0,513.0
NAM,2003,11.7,51.4,606.0
NAM,2004,9.4,53.4,558.0
NAM,2005,9.5,54.9,585.0
NAM,2006,9.8,52.2,549.0
NAM,2007,12.8,59.7,438.0
NAM,2008,10.2,61.8,331.0
NAM,2009,10.4,59.5,314.0
NAM,2010,10.5,56.8,442.0
NAM,2011,12.2,57.5,283.0
NAM,2012,10.8,64.8,269.0
NAM,2013,10.9,65.2,265.0
NAM,2014,12.4,65.0,333.0
NAM,2015,13.6,61.9,337.0
NAM,2016,11.0,65.0,335.0
NAM,2017,10.9,62.4,396.0
NAM,2018,12.5,59.4,321.0
NAM,2019,11.0,63.5,240.0
NAM,2020,10.6,67.1,234.0
NAM,2021,11.7,60.4,308.0
NGA,2000,12.4,55.4,279.0
NGA,2001,12.0,55.8,298.0
NGA,2002,12.5,55.0,277.0
NGA,2003,12.4,54.4,290.0
NGA,2004,12.7,57.5,267.0
NGA,2005,12.8,58.2,277.0
NGA,2006,12.9,57.6,251.0
NGA,2007,12.7,56.9,263.0
NGA,2008,12.8,60.1,238.0
NGA,2009,13.4,58.0,231.0
NGA,2010,13.3,58.4,245.0
NGA,2011,13.2,60.2,220.0
NGA,2012,13.5,59.2,192.0
NGA,2013,13.6,61.0,207.0
NGA,2014,13.9,59.8,227.0
NGA,2015,13.6,60.2,197.0
NGA,2016,14.0,60.6,216.0
NGA,2017,13.8,62.4,213.0
NGA,2018,14.2,61.3,190.0
NGA,2019,13.9,61.7,168.0
NGA,2020,13.2,64.4,212.0
NGA,2021,13.9,62.1,212.0
NLD,2000,17.7,75.5,100.0
NLD,2001,15.2,80.5,82.0
NLD,2002,17.8,75.9,67.0
NLD,2003,15.5,78.5,93.0
NLD,2004,18.1,81.2,63.0
NLD,2005,17.1,77.1,83.0
NLD,2006,16.2,79.7,70.0
NLD,2007,16.4,78.0,57.0
NLD,2008,17.7,82.1,57.0
NLD,2009,18.8,80.5,56.0
NLD,2010,16.9,82.5,65.0
NLD,2011,18.8,79.2,72.0
NLD,2012,18.7,79.1,63.0
NLD,2013,18.7,81.1,61.0
NLD,2014,18.8,81.5,50.0
NLD,2015,18.6,81.3,58.0
NLD,2016,18.0,79.8,58.0
NLD,2017,18.7,81.5,56.0
NLD,2018,18.3,83.3,55.0
NLD,2019,18.1,82.3,45.0
NLD,2020,18.0,82.9,55.0
NLD,2021,18.4,82.6,67.0
NOR,2000,15.4,81.2,85.0
NOR,2001,16.7,81.3,80.0
NOR,2002,17.9,81.3,98.0
NOR,2003,15.9,77.0,76.0
NOR,2004,18.4,77.4,75.0
NOR,2005,16.2,77.7,55.0
NOR,2006,18.5,78.1,53.0
NOR,2007,18.5,82.4,53.0
NOR,2008,17.6,80.5,66.0
NOR,2009,16.8,78.6,82.0
NOR,2010,16.8,78.8,65.0
NOR,2011,17.9,83.0,66.0
NOR,2012,17.1,83.1,59.0
NOR,2013,18.9,83.3,45.0
NOR,2014,17.5,79.9,43.0
NOR,2015,19.1,83.7,42.0
NOR,2016,18.5,80.5,42.0
NOR,2017,17.9,80.8,39.0
NOR,2018,19.1,82.4,38.0
NOR,2019,18.7,81.1,60.0
NOR,2020,19.3,81.3,37.0
NOR,2021,18.7,81.5,56.0
NZL,2000,16.9,78.6,86.0
NZL,2001,15.7,80.7,103.0
NZL,2002,15.9,78.7,65.0
NZL,2003,18.0,79.1,65.0
NZL,2004,17.1,77.1,79.0
NZL,2005,16.8,79.9,60.0
NZL,2006,17.5,77.9,75.0
NZL,2007,17.7,78.0,76.0
NZL,2008,17.8,82.2,89.0
NZL,2009,17.9,80.6,71.0
NZL,2010,17.5,79.1,71.0
NZL,2011,17.4,80.7,55.0
NZL,2012,18.8,79.4,68.0
NZL,2013,17.7,81.4,67.0
NZL,2014,17.6,82.9,52.0
NZL,2015,18.2,81.3,53.0
NZL,2016,19.1,80.1,81.0
NZL,2017,17.6,82.8,53.0
NZL,2018,18.5,83.4,51.0
NZL,2019,18.5,80.2,79.0
NZL,2020,19.6,84.3,76.0
NZL,2021,18.1,84.0,65.0
PAK,2000,12.0,61.0,230.0
PAK,2001,12.0,61.2,237.0
PAK,2002,12.3,61.9,235.0
PAK,2003,12.1,62.7,235.0
PAK,2004,12.2,62.4,211.0
PAK,2005,12.1,62.5,241.0
PAK,2006,12.5,63.1,202.0
PAK,2007,12.5,64.2,224.0
PAK,2008,12.5,64.5,194.0
PAK,2009,12.8,63.9,219.0
PAK,2010,12.6,63.3,204.0
PAK,2011,12.8,65.4,200.0
PAK,2012,12.9,65.7,184.0
PAK,2013,12.8,65.1,208.0
PAK,2014,13.0,66.2,193.0
PAK,2015,12.9,66.5,177.0
PAK,2016,13.1,66.1,188.0
PAK,2017,13.0,65.6,185.0
PAK,2018,13.2,66.7,182.0
PAK,2019,13.5,67.8,192.0
PAK,2020,12.5,64.7,211.0
PAK,2021,12.4,66.0,204.0
PER,2000,18.0,77.0,139.0
PER,2001,17.5,76.0,90.0
PER,2002,17.8,77.5,93.0
PER,2003,18.0,77.7,92.0
PER,2004,18.0,75.6,103.0
PER,2005,18.0,78.9,84.0
PER,2006,18.5,76.6,80.0
PER,2007,19.1,80.3,91.0
PER,2008,19.1,80.4,92.0
PER,2009,18.4,78.1,101.0
PER,2010,18.4,79.8,82.0
PER,2011,18.5,78.6,112.0
PER,2012,18.3,77.5,92.0
PER,2013,18.9,81.0,88.0
PER,2014,18.8,81.5,85.0
PER,2015,19.3,81.9,82.0
PER,2016,19.1,80.2,82.0
PER,2017,18.3,77.9,103.0
PER,2018,18.7,77.5,109.0
PER,2019,17.7,79.9,98.0
PER,2020,14.5,72.8,156.0
PER,2021,15.5,68.8,187.0
PHL,2000,13.0,74.0,179.0
PHL,2001,14.0,73.8,122.0
PHL,2002,15.1,69.4,123.0
PHL,2003,12.5,65.7,254.0
PHL,2004,12.3,69.3,188.0
PHL,2005,12.3,65.5,256.0
PHL,2006,12.2,65.3,194.0
PHL,2007,15.4,69.6,190.0
PHL,2008,12.2,69.5,255.0
PHL,2009,12.0,69.4,191.0
PHL,2010,12.1,69.7,253.0
PHL,2011,13.7,65.9,187.0
PHL,2012,15.1,73.8,127.0
PHL,2013,13.5,73.7,190.0
PHL,2014,15.2,69.8,246.0
PHL,2015,14.9,69.5,249.0
PHL,2016,13.4,65.6,195.0
PHL,2017,15.0,73.7,188.0
PHL,2018,12.2,69.7,188.0
PHL,2019,13.3,73.2,246.0
PHL,2020,12.0,69.6,246.0
PHL,2021,11.4,63.4,290.0
PNG,2000,12.2,62.5,225.0
PNG,2001,12.0,62.6,253.0
PNG,2002,12.2,62.7,228.0
PNG,2003,12.2,64.4,241.0
PNG,2004,12.3,64.4,231.0
PNG,2005,12.1,63.0,233.0
PNG,2006,12.3,63.1,252.0
PNG,2007,12.3,64.9,248.0
PNG,2008,12.4,64.4,246.0
PNG,2009,12.3,65.6,215.0
PNG,2010,12.2,64.9,212.0
PNG,2011,12.6,65.0,209.0
PNG,2012,12.2,64.2,207.0
PNG,2013,12.3,65.5,238.0
PNG,2014,12.8,65.8,235.0
PNG,2015,12.8,67.1,231.0
PNG,2016,12.4,66.2,213.0
PNG,2017,12.5,65.4,229.0
PNG,2018,12.5,65.4,193.0
PNG,2019,12.7,66.7,229.0
PNG,2020,12.7,66.3,215.0
PNG,2021,12.3,66.9,213.0
POL,2000,15.9,69.5,153.0
POL,2001,16.1,74.1,213.0
POL,2002,12.8,78.6,145.0
POL,2003,12.8,74.5,80.0
POL,2004,14.9,79.0,144.0
POL,2005,15.0,70.7,144.0
POL,2006,16.8,70.8,145.0
POL,2007,15.2,75.2,209.0
POL,2008,17.0,75.4,77.0
POL,2009,17.0,71.5,137.0
POL,2010,13.7,80.4,189.0
POL,2011,17.5,72.4,185.0
POL,2012,15.9,80.7,127.0
POL,2013,17.5,80.8,68.0
POL,2014,17.9,73.6,116.0
POL,2015,17.7,77.3,166.0
POL,2016,18.0,73.7,114.0
POL,2017,14.4,77.6,63.0
POL,2018,16.3,81.4,164.0
POL,2019,14.5,81.5,159.0
POL,2020,15.4,80.4,66.0
POL,2021,16.4,79.4,128.0
PRT,2000,17.4,73.1,110.0
PRT,2001,15.0,80.4,154.0
PRT,2002,16.4,80.5,151.0
PRT,2003,17.5,74.0,147.0
PRT,2004,16.8,81.4,139.0
PRT,2005,15.4,81.2,59.0
PRT,2006,18.3,75.3,137.0
PRT,2007,17.2,82.1,131.0
PRT,2008,16.0,76.0,127.0
PRT,2009,18.5,76.3,53.0
PRT,2010,17.5,82.7,122.0
PRT,2011,17.8,80.2,84.0
PRT,2012,17.8,83.1,81.0
PRT,2013,17.9,80.5,113.0
PRT,2014,19.3,80.9,110.0
PRT,2015,19.2,83.7,103.0
PRT,2016,19.3,83.8,74.0
PRT,2017,17.0,84.0,45.0
PRT,2018,19.5,78.0,72.0
PRT,2019,19.6,81.4,70.0
PRT,2020,18.0,80.8,44.0
PRT,2021,16.9,81.2,45.0
PRY,2000,17.5,77.2,99.0
PRY,2001,17.7,77.5,97.0
PRY,2002,17.0,77.6,148.0
PRY,2003,16.9,75.0,152.0
PRY,2004,15.9,77.2,103.0
PRY,2005,15.9,77.3,101.0
PRY,2006,15.8,72.4,130.0
PRY,2007,16.6,75.0,156.0
PRY,2008,16.6,75.0,95.0
PRY,2009,15.6,77.6,131.0
PRY,2010,16.3,77.5,129.0
PRY,2011,15.4,74.9,158.0
PRY,2012,15.4,72.5,92.0
PRY,2013,17.1,72.4,94.0
PRY,2014,17.3,72.6,157.0
PRY,2015,15.2,78.1,89.0
PRY,2016,16.9,72.1,128.0
PRY,2017,15.1,72.7,122.0
PRY,2018,16.0,78.2,88.0
PRY,2019,17.0,72.2,125.0
PRY,2020,14.5,75.2,89.0
PRY,2021,14.2,73.2,234.0
ROU,2000,15.1,71.1,171.0
ROU,2001,13.9,71.2,106.0
ROU,2002,12.2,70.9,177.0
ROU,2003,12.4,71.2,174.0
ROU,2004,14.1,68.2,231.0
ROU,2005,12.7,75.6,224.0
ROU,2006,15.5,69.2,95.0
ROU,2007,14.6,69.6,92.0
ROU,2008,13.2,73.3,90.0
ROU,2009,13.1,69.8,155.0
ROU,2010,14.8,77.4,150.0
ROU,2011,13.4,78.0,194.0
ROU,2012,16.5,74.3,141.0
ROU,2013,13.7,71.5,133.0
ROU,2014,16.7,74.9,83.0
ROU,2015,16.7,71.4,136.0
ROU,2016,16.8,71.5,138.0
ROU,2017,16.8,75.1,190.0
ROU,2018,16.9,75.1,81.0
ROU,2019,13.6,79.2,134.0
ROU,2020,12.6,70.3,201.0
ROU,2021,11.9,76.5,99.0
RUS,2000,10.0,58.8,448.0
RUS,2001,12.2,72.1,453.0
RUS,2002,9.7,64.9,172.0
RUS,2003,13.8,64.7,176.0
RUS,2004,14.1,72.2,172.0
RUS,2005,10.0,72.3,326.0
RUS,2006,10.4,73.1,297.0
RUS,2007,14.7,73.8,278.0
RUS,2008,14.8,74.1,147.0
RUS,2009,13.2,74.6,139.0
RUS,2010,15.0,74.8,252.0
RUS,2011,13.8,69.8,130.0
RUS,2012,11.7,75.8,124.0
RUS,2013,12.0,70.7,323.0
RUS,2014,11.8,65.0,221.0
RUS,2015,16.0,76.6,118.0
RUS,2016,14.3,71.6,300.0
RUS,2017,14.6,72.5,279.0
RUS,2018,16.3,72.7,191.0
RUS,2019,16.5,78.0,268.0
RUS,2020,11.4,76.2,287.0
RUS,2021,10.8,65.6,304.0
SAU,2000,12.5,69.4,141.0
SAU,2001,13.3,70.8,132.0
SAU,2002,13.1,70.1,141.0
SAU,2003,13.1,70.3,144.0
SAU,2004,13.1,72.9,133.0
SAU,2005,13.2,73.1,147.0
SAU,2006,13.6,71.1,149.0
SAU,2007,13.8,71.4,113.0
SAU,2008,14.1,72.1,132.0
SAU,2009,14.2,75.3,124.0
SAU,2010,14.8,74.0,116.0
SAU,2011,15.2,77.5,104.0
SAU,2012,15.9,77.0,74.0
SAU,2013,15.8,77.3,69.0
SAU,2014,15.6,78.3,69.0
SAU,2015,15.4,76.9,100.0
SAU,2016,15.1,76.8,89.0
SAU,2017,15.3,76.4,74.0
SAU,2018,15.1,76.4,87.0
SAU,2019,15.1,76.5,69.0
SAU,2020,14.4,74.9,113.0
SAU,2021,14.9,77.4,96.0
SGP,2000,18.0,78.5,98.0
SGP,2001,18.4,79.1,56.0
SGP,2002,18.4,81.5,55.0
SGP,2003,18.7,79.6,51.0
SGP,2004,16.6,82.6,86.0
SGP,2005,19.2,78.2,88.0
SGP,2006,18.4,83.1,66.0
SGP,2007,16.7,83.0,83.0
SGP,2008,19.6,81.0,47.0
SGP,2009,19.9,81.6,76.0
SGP,2010,20.1,84.0,58.0
SGP,2011,20.1,79.8,41.0
SGP,2012,17.9,80.0,68.0
SGP,2013,19.3,84.5,55.0
SGP,2014,19.5,82.6,68.0
SGP,2015,20.8,82.8,39.0
SGP,2016,18.6,85.4,64.0
SGP,2017,19.8,83.2,51.0
SGP,2018,18.8,85.6,35.0
SGP,2019,21.4,83.9,57.0
SGP,2020,20.3,84.0,47.0
SGP,2021,19.0,86.3,53.0
SRB,2000,12.1,74.3,159.0
SRB,2001,13.5,75.0,201.0
SRB,2002,12.4,72.3,149.0
SRB,2003,14.2,69.8,198.0
SRB,2004,12.4,72.7,196.0
SRB,2005,12.4,75.4,191.0
SRB,2006,14.7,70.7,187.0
SRB,2007,13.9,76.3,137.0
SRB,2008,15.0,71.2,91.0
SRB,2009,13.0,76.6,90.0
SRB,2010,14.2,74.3,129.0
SRB,2011,13.2,74.5,124.0
SRB,2012,14.5,74.8,83.0
SRB,2013,13.5,77.8,80.0
SRB,2014,15.7,72.7,80.0
SRB,2015,14.7,72.7,155.0
SRB,2016,15.8,75.7,147.0
SRB,2017,13.7,78.0,149.0
SRB,2018,13.8,73.3,76.0
SRB,2019,15.0,78.5,74.0
SRB,2020,12.7,71.5,171.0
SRB,2021,11.8,72.8,143.0
SVK,2000,12.0,73.3,79.0
SVK,2001,12.0,73.5,210.0
SVK,2002,12.3,73.7,145.0
SVK,2003,12.3,69.8,79.0
SVK,2004,15.6,77.9,138.0
SVK,2005,14.1,74.1,201.0
SVK,2006,14.3,74.4,196.0
SVK,2007,12.5,74.5,196.0
SVK,2008,16.1,78.8,73.0
SVK,2009,12.9,78.9,74.0
SVK,2010,14.7,79.1,174.0
SVK,2011,16.6,79.6,70.0
SVK,2012,16.6,76.1,164.0
SVK,2013,13.5,76.5,112.0
SVK,2014,13.8,76.8,63.0
SVK,2015,13.7,80.0,156.0
SVK,2016,15.7,80.4,144.0
SVK,2017,14.0,77.1,145.0
SVK,2018,15.8,73.8,148.0
SVK,2019,17.4,74.2,140.0
SVK,2020,15.4,73.5,63.0
SVK,2021,14.1,71.1,78.0
SVN,2000,13.3,79.7,72.0
SVN,2001,15.4,80.1,171.0
SVN,2002,17.0,72.6,162.0
SVN,2003,13.4,76.3,165.0
SVN,2004,13.9,77.1,152.0
SVN,2005,17.1,80.7,103.0
SVN,2006,14.4,74.4,56.0
SVN,2007,17.7,74.6,139.0
SVN,2008,14.9,78.9,55.0
SVN,2009,14.9,79.1,54.0
SVN,2010,16.8,82.7,52.0
SVN,2011,18.3,79.8,51.0
SVN,2012,16.9,82.8,82.0
SVN,2013,17.1,80.1,106.0
SVN,2014,18.6,83.5,44.0
SVN,2015,17.2,83.3,46.0
SVN,2016,16.0,83.7,72.0
SVN,2017,18.6,80.8,45.0
SVN,2018,17.4,78.2,66.0
SVN,2019,16.4,81.3,65.0
SVN,2020,15.6,80.3,66.0
SVN,2021,15.6,83.4,40.0
SWE,2000,17.2,81.8,56.0
SWE,2001,16.3,81.8,55.0
SWE,2002,16.3,77.6,53.0
SWE,2003,17.5,80.0,82.0
SWE,2004,18.5,78.3,67.0
SWE,2005,18.6,78.3,66.0
SWE,2006,18.6,78.6,64.0
SWE,2007,17.9,78.8,48.0
SWE,2008,17.1,80.9,48.0
SWE,2009,17.3,81.1,61.0
SWE,2010,18.9,83.1,58.0
SWE,2011,19.0,81.5,44.0
SWE,2012,18.8,81.5,68.0
SWE,2013,18.3,81.6,68.0
SWE,2014,19.0,81.9,43.0
SWE,2015,18.9,81.7,40.0
SWE,2016,18.4,80.4,52.0
SWE,2017,17.9,82.1,52.0
SWE,2018,18.0,83.8,51.0
SWE,2019,19.3,81.2,58.0
SWE,2020,18.9,82.1,61.0
SWE,2021,19.2,84.3,59.0
SYR,2000,13.4,72.4,115.0
SYR,2001,13.7,71.8,160.0
SYR,2002,13.7,72.0,158.0
SYR,2003,14.1,72.7,152.0
SYR,2004,14.2,74.2,125.0
SYR,2005,14.4,73.2,121.0
SYR,2006,14.4,72.2,91.0
SYR,2007,14.5,75.1,114.0
SYR,2008,14.1,73.5,113.0
SYR,2009,14.3,73.7,136.0
SYR,2010,14.3,73.8,134.0
SYR,2011,14.3,74.2,93.0
SYR,2012,14.0,65.0,125.0
SYR,2013,14.0,70.0,121.0
SYR,2014,14.2,68.9,303.0
SYR,2015,14.1,69.3,310.0
SYR,2016,14.3,70.3,324.0
SYR,2017,14.3,51.3,480.0
SYR,2018,14.1,71.1,121.0
SYR,2019,14.0,65.4,251.0
SYR,2020,13.6,72.0,177.0
SYR,2021,14.2,74.4,166.0
THA,2000,15.1,74.8,137.0
THA,2001,16.7,71.7,195.0
THA,2002,15.9,71.7,257.0
THA,2003,15.3,72.0,191.0
THA,2004,15.2,75.5,128.0
THA,2005,16.0,76.3,236.0
THA,2006,16.7,73.4,112.0
THA,2007,16.3,73.9,164.0
THA,2008,16.5,77.7,211.0
THA,2009,17.3,78.3,204.0
THA,2010,16.8,78.5,149.0
THA,2011,17.7,72.5,91.0
THA,2012,17.4,72.9,199.0
THA,2013,16.9,76.5,87.0
THA,2014,17.1,73.4,197.0
THA,2015,17.2,80.4,141.0
THA,2016,18.5,77.0,199.0
THA,2017,17.2,73.8,82.0
THA,2018,18.6,80.7,140.0
THA,2019,17.7,76.9,199.0
THA,2020,17.8,76.5,216.0
THA,2021,17.1,71.8,170.0
TUN,2000,15.3,77.0,76.0
TUN,2001,15.3,77.2,103.0
TUN,2002,14.4,77.4,129.0
TUN,2003,15.4,77.6,100.0
TUN,2004,14.5,72.7,99.0
TUN,2005,15.5,72.9,124.0
TUN,2006,15.6,75.6,122.0
TUN,2007,15.6,73.4,69.0
TUN,2008,16.6,73.6,94.0
TUN,2009,14.8,78.6,118.0
TUN,2010,14.8,78.7,65.0
TUN,2011,16.7,78.9,91.0
TUN,2012,15.0,74.2,64.0
TUN,2013,15.9,79.1,63.0
TUN,2014,16.8,74.3,88.0
TUN,2015,15.0,76.8,88.0
TUN,2016,15.1,74.5,112.0
TUN,2017,16.0,74.6,112.0
TUN,2018,15.2,79.8,111.0
TUN,2019,16.2,80.0,84.0
TUN,2020,14.6,77.1,105.0
TUN,2021,12.9,76.8,82.0
TUR,2000,13.6,69.6,151.0
TUR,2001,13.8,74.0,71.0
TUR,2002,15.9,74.8,68.0
TUR,2003,14.2,75.3,99.0
TUR,2004,17.9,79.5,127.0
TUR,2005,16.3,76.2,123.0
TUR,2006,14.6,76.5,121.0
TUR,2007,16.4,76.7,59.0
TUR,2008,17.4,76.7,117.0
TUR,2009,17.0,79.2,90.0
TUR,2010,14.6,79.4,89.0
TUR,2011,14.6,73.7,89.0
TUR,2012,17.1,73.8,118.0
TUR,2013,17.0,76.8,88.0
TUR,2014,16.8,79.5,57.0
TUR,2015,15.6,79.3,56.0
TUR,2016,14.6,74.1,56.0
TUR,2017,16.7,77.1,113.0
TUR,2018,16.9,80.1,81.0
TUR,2019,16.0,77.6,107.0
TUR,2020,15.0,76.2,55.0
TUR,2021,14.6,72.5,105.0
TZA,2000,12.6,53.8,415.0
TZA,2001,11.9,54.6,411.0
TZA,2002,12.8,55.3,435.0
TZA,2003,12.1,55.0,428.0
TZA,2004,12.2,56.6,420.0
TZA,2005,11.7,57.4,409.0
TZA,2006,12.5,58.8,363.0
TZA,2007,12.1,59.4,328.0
TZA,2008,12.3,61.5,319.0
TZA,2009,12.4,61.0,312.0
TZA,2010,13.5,61.7,287.0
TZA,2011,12.8,60.9,296.0
TZA,2012,13.3,61.7,307.0
TZA,2013,13.1,64.0,240.0
TZA,2014,13.9,66.3,277.0
TZA,2015,13.2,65.2,271.0
TZA,2016,14.0,64.0,236.0
TZA,2017,14.0,64.4,260.0
TZA,2018,13.8,68.0,202.0
TZA,2019,13.4,65.2,221.0
TZA,2020,14.2,69.1,185.0
TZA,2021,13.4,65.2,251.0
UGA,2000,10.6,47.1,471.0
UGA,2001,10.7,51.5,536.0
UGA,2002,12.0,48.8,446.0
UGA,2003,11.0,53.6,430.0
UGA,2004,11.2,55.2,482.0
UGA,2005,11.5,52.6,371.0
UGA,2006,10.4,53.8,390.0
UGA,2007,10.5,54.6,345.0
UGA,2008,10.7,55.6,326.0
UGA,2009,13.7,56.5,389.0
UGA,2010,11.1,60.0,332.0
UGA,2011,14.1,58.2,318.0
UGA,2012,11.4,58.9,353.0
UGA,2013,11.5,59.5,347.0
UGA,2014,13.1,67.0,215.0
UGA,2015,11.6,64.2,202.0
UGA,2016,14.6,64.7,320.0
UGA,2017,13.3,61.8,193.0
UGA,2018,11.9,69.0,243.0
UGA,2019,14.7,69.3,185.0
UGA,2020,13.2,69.6,181.0
UGA,2021,11.7,69.0,197.0
URY,2000,13.8,70.7,90.0
URY,2001,17.7,78.9,128.0
URY,2002,13.8,79.2,89.0
URY,2003,15.7,74.8,89.0
URY,2004,17.7,71.3,164.0
URY,2005,17.8,75.6,164.0
URY,2006,14.2,76.3,81.0
URY,2007,17.7,75.4,165.0
URY,2008,14.5,76.4,84.0
URY,2009,14.5,72.6,157.0
URY,2010,18.1,76.5,81.0
URY,2011,16.5,76.6,82.0
URY,2012,14.4,72.4,156.0
URY,2013,18.3,80.4,155.0
URY,2014,16.8,80.9,80.0
URY,2015,18.3,77.1,115.0
URY,2016,18.0,76.8,145.0
URY,2017,16.7,77.3,111.0
URY,2018,18.2,80.7,114.0
URY,2019,14.7,73.4,112.0
URY,2020,17.0,77.8,78.0
URY,2021,13.6,78.7,97.0
USA,2000,14.7,76.7,84.0
USA,2001,15.8,74.3,146.0
USA,2002,15.8,79.2,115.0
USA,2003,15.9,74.6,83.0
USA,2004,16.9,75.0,112.0
USA,2005,16.9,75.0,113.0
USA,2006,17.1,77.7,143.0
USA,2007,15.6,77.9,80.0
USA,2008,17.2,80.3,79.0
USA,2009,15.8,78.4,135.0
USA,2010,15.8,78.6,76.0
USA,2011,15.9,78.7,131.0
USA,2012,17.4,78.8,130.0
USA,2013,17.4,76.6,77.0
USA,2014,15.9,76.7,105.0
USA,2015,17.3,76.5,107.0
USA,2016,15.8,76.4,136.0
USA,2017,17.3,76.3,109.0
USA,2018,15.8,78.6,134.0
USA,2019,15.8,81.0,107.0
USA,2020,14.9,79.5,127.0
USA,2021,15.7,76.4,142.0
VEN,2000,15.2,74.0,142.0
VEN,2001,15.1,77.6,196.0
VEN,2002,15.5,70.9,96.0
VEN,2003,15.0,73.6,150.0
VEN,2004,17.4,70.8,193.0
VEN,2005,15.4,78.5,190.0
VEN,2006,16.6,74.7,199.0
VEN,2007,15.4,78.9,206.0
VEN,2008,17.7,78.8,88.0
VEN,2009,16.7,79.0,88.0
VEN,2010,17.7,74.7,87.0
VEN,2011,15.2,78.8,197.0
VEN,2012,16.5,70.2,86.0
VEN,2013,16.6,74.6,144.0
VEN,2014,14.8,74.1,144.0
VEN,2015,17.4,69.8,200.0
VEN,2016,17.1,72.4,96.0
VEN,2017,14.5,68.7,207.0
VEN,2018,17.2,68.5,151.0
VEN,2019,17.1,77.3,209.0
VEN,2020,16.9,72.4,90.0
VEN,2021,13.5,71.2,233.0
VNM,2000,14.7,67.6,87.0
VNM,2001,14.7,72.0,200.0
VNM,2002,16.2,72.1,85.0
VNM,2003,16.2,67.9,84.0
VNM,2004,14.6,67.9,141.0
VNM,2005,14.6,72.2,142.0
VNM,2006,16.1,76.6,142.0
VNM,2007,12.8,76.7,204.0
VNM,2008,14.6,68.0,142.0
VNM,2009,14.6,68.1,205.0
VNM,2010,16.3,68.1,205.0
VNM,2011,16.3,77.1,203.0
VNM,2012,16.4,72.7,139.0
VNM,2013,12.9,77.3,201.0
VNM,2014,16.4,77.4,199.0
VNM,2015,13.0,77.5,136.0
VNM,2016,16.5,73.2,76.0
VNM,2017,13.2,69.2,132.0
VNM,2018,16.7,69.3,74.0
VNM,2019,16.7,73.7,129.0
VNM,2020,13.8,79.2,173.0
VNM,2021,16.7,78.0,76.0
ZAF,2000,12.8,57.1,428.0
ZAF,2001,11.4,58.0,509.0
ZAF,2002,12.5,56.1,445.0
ZAF,2003,12.3,52.9,562.0
ZAF,2004,13.1,50.6,575.0
ZAF,2005,12.3,50.4,542.0
ZAF,2006,11.0,50.4,505.0
ZAF,2007,12.3,52.9,576.0
ZAF,2008,11.1,53.9,471.0
ZAF,2009,12.4,55.3,546.0
ZAF,2010,13.3,54.6,514.0
ZAF,2011,12.7,59.1,372.0
ZAF,2012,12.9,57.8,450.0
ZAF,2013,13.1,64.9,305.0
ZAF,2014,13.1,59.5,347.0
ZAF,2015,11.9,66.2,401.0
ZAF,2016,13.9,63.9,325.0
ZAF,2017,13.4,64.7,252.0
ZAF,2018,12.4,68.3,297.0
ZAF,2019,14.5,62.5,348.0
ZAF,2020,12.7,64.3,365.0
ZAF,2021,11.3,64.0,432.0
ZMB,2000,9.7,43.8,613.0
ZMB,2001,10.6,44.2,596.0
ZMB,2002,10.8,45.8,638.0
ZMB,2003,11.1,47.1,590.0
ZMB,2004,10.4,50.0,560.0
ZMB,2005,10.6,48.7,500.0
ZMB,2006,11.9,50.0,506.0
ZMB,2007,9.8,55.4,425.0
ZMB,2008,10.0,53.1,426.0
ZMB,2009,10.2,56.6,355.0
ZMB,2010,12.4,59.6,341.0
ZMB,2011,11.6,60.2,330.0
ZMB,2012,10.6,58.7,411.0
ZMB,2013,12.6,57.1,310.0
ZMB,2014,11.9,61.9,379.0
ZMB,2015,12.0,60.4,293.0
ZMB,2016,12.9,63.1,366.0
ZMB,2017,12.9,61.3,319.0
ZMB,2018,12.1,59.1,276.0
ZMB,2019,12.2,63.9,312.0
ZMB,2020,12.7,64.1,309.0
ZMB,2021,11.3,63.1,291.0
ZWE,2000,10.5,46.7,707.0
ZWE,2001,9.2,45.4,716.0
ZWE,2002,10.1,45.7,681.0
ZWE,2003,10.7,45.0,710.0
ZWE,2004,9.8,45.5,724.0
ZWE,2005,10.5,45.7,670.0
ZWE,2006,9.8,47.0,692.0
ZWE,2007,10.5,48.0,621.0
ZWE,2008,10.4,48.3,618.0
ZWE,2009,10.5,49.7,560.0
ZWE,2010,9.4,50.0,584.0
ZWE,2011,10.3,53.3,554.0
ZWE,2012,11.2,57.1,413.0
ZWE,2013,10.7,53.7,390.0
ZWE,2014,11.3,57.0,382.0
ZWE,2015,10.8,59.4,417.0
ZWE,2016,10.1,55.8,368.0
ZWE,2017,11.5,56.1,406.0
ZWE,2018,11.5,60.7,450.0
ZWE,2019,10.2,56.9,347.0
ZWE,2020,11.5,59.4,432.0
ZWE,2021,10.4,58.5,467.0
