iso_code,country_name,is_blue_zone,latitude,longitude,alcohol_per_capita,clean_water_access_pct,death_rate,fertility_rate,forest_area_pct,gdp_per_capita,health_expenditure_pc,life_expectancy,data_year,life_expectancy_female,life_expectancy_male,physicians_per_1000,pm25_air_pollution,population_65plus_pct,population_total,urban_population_pct,life_expectancy_who,gini_index,adult_literacy_rate,tertiary_enrollment,internet_users_pct,land_area_km2,measles_immunization,suicide_rate,gni_per_capita,mean_temperature,mean_elevation,abs_latitude,population_density,female_le_advantage,log_gdp_per_capita
AFG,Afghanistan,0,33.9391,67.71,0.011,29.9074476538073,5.797,4.84,1.85278199408184,413.757894705303,59.06770706,66.035,2023,67.536,64.467,0.317,46.0870936659706,2.37753752819851,41454761.0,25.4730529631167,61.0,,37.2700004577637,10.85435962677,17.7089,652230.0,55.0,3.6,370.0,12.6,1884.0,33.9391,63.558500835594806,3.0690000000000026,6.027694963742444
ALB,Albania,0,41.1533,20.1683,4.47,70.7653945370075,8.332,1.348,28.7919708029197,9730.86921906893,590.62799072,79.602,2023,81.446,77.728,1.879,15.7070036417042,16.3020000675759,2414095.0,58.2106086137857,76.4,29.4,97.6800003051758,64.7293520237257,83.1356,27400.0,83.0,2.75,8730.0,15.2,708.0,41.1533,88.10565693430657,3.7180000000000035,9.183161265575237
ARG,Argentina,0,-38.4161,-63.6167,8.05,,7.668,1.5,10.3212951412107,14261.8465667948,1456.98596191,77.395,2023,79.875,74.805,5.106,14.9081737974407,12.2030217969226,45538401.0,92.1945132257907,74.6,42.4,99.1399993896484,107.822574129434,89.229,2736690.0,80.0,7.94,12920.0,14.8,595.0,38.4161,16.63995593216623,5.069999999999993,9.565413293036885
AUS,Australia,0,-25.2744,133.7751,10.29,,6.9,1.5,17.4213145571644,65058.3773146674,6980.38525391,83.0512195121951,2023,85.1,81.1,4.086,8.25171746070811,17.384024966198,26659922.0,87.4866955653765,81.3,33.8,,104.64835357666,97.0631,7692020.0,91.0,13.08,63320.0,21.7,330.0,25.2744,3.4659194853887536,4.0,11.083055629041906
AUT,Austria,0,47.5162,14.5501,11.51,98.8939971369106,9.8,1.32,47.2402653902084,56579.504175468,6267.93164063,81.5414634146342,2023,84.0,79.2,5.515,10.9335136815146,20.1640196753077,9131761.0,69.2265358276021,83.3,31.2,,91.6818237304688,95.3347,82520.0,90.0,14.51,55890.0,6.3,910.0,47.5162,110.66118516723219,4.799999999999997,10.943419755658345
BEL,Belgium,0,50.5039,4.4699,9.43,99.5609157233581,9.4,1.47,22.604446776415,55291.4754541329,5931.01464844,82.3975609756098,2023,84.6,80.3,3.574,11.2160664677018,20.1452749547016,11779946.0,87.551492636772,83.7,26.8,,82.1475601196289,94.6263,30494.0,96.0,18.36,55520.0,9.8,181.0,50.5039,386.30373188168164,4.299999999999997,10.920392110515174
BGD,Bangladesh,0,23.685,90.3563,0.092,59.1428021110632,5.01,2.163,14.4899215263887,2551.01773827307,53.46432495,74.672,2023,76.373,73.032,0.722,42.3813762359965,6.32054805417649,171466990.0,32.1578465036834,71.6,30.9,79.0,24.2003442708621,44.5027,129980.0,96.0,2.81,2880.0,25.5,85.0,23.685,1319.1797968918295,3.341000000000008,7.844639595174486
BGR,Bulgaria,0,42.7339,25.4858,11.62,96.2874915022323,15.7,1.81,36.2196020633751,15853.208636704,1257.87597656,75.7073170731707,2023,79.6,72.0,4.328,17.1474236131426,21.8324383446666,6446596.0,73.7322671584613,71.3,39.5,,79.8532333374023,80.3896,108560.0,92.0,9.51,14240.0,10.6,472.0,42.7339,59.38279292557111,7.599999999999994,9.671190273188396
BIH,Bosnia and Herzegovina,0,43.9159,17.6791,5.87,86.4004716802823,13.457,1.486,42.7326171875,8663.02326458629,772.88568115,77.85,2023,80.903,74.424,2.584,26.6019532713554,21.642423894209,3185073.0,51.5657239834305,74.8,,,45.5027618408203,83.3772,51200.0,55.0,8.97,8280.0,9.8,500.0,43.9159,62.20845703125,6.478999999999999,9.066934473878778
BOL,Bolivia,0,-16.2902,-63.5887,3.59,,7.172,2.547,46.3457431920982,4274.70820547613,255.04104614,68.581,2023,71.145,66.128,1.284,22.879459074231,5.55046673477261,12244159.0,70.9151414044538,65.4,42.1,95.5500030517578,,70.2368,1083300.0,68.0,4.2,4230.0,21.3,1192.0,16.2902,11.302648389181206,5.016999999999996,8.36070502975009
BRA,Brazil,0,-14.235,-51.9253,7.7,87.9528269411722,7.077,1.619,58.9818729765235,10377.5897719195,1009.83563232,75.848,2023,78.983,72.76,2.357,12.1793252040724,10.6336314676644,211140729.0,87.6159710235763,69.0,51.6,94.5839624750993,60.3906211853027,84.1506,8358140.0,87.0,7.59,9310.0,25.0,320.0,14.235,25.261688485715723,6.222999999999999,9.247500287366694
BWA,Botswana,0,-22.3285,24.6849,7.27,63.9157689150589,5.724,2.732,26.2908263194114,7826.35376483298,489.59677124,69.163,2023,71.698,66.673,0.379,18.9057549925814,3.96966911931465,2480244.0,67.0212655349864,63.2,54.9,,20.5658232475186,81.36,566730.0,97.0,8.35,8360.0,22.2,1013.0,22.3285,4.376412048065216,5.0249999999999915,8.965379770794552
CAN,Canada,0,56.1304,-106.3468,9.89,96.8908033429561,8.1,1.26,39.4617117321106,54220.3285039875,6186.65234375,81.6465853658537,2023,83.89,79.51,2.819,6.56566994375263,19.3581192161771,40083484.0,82.5250564408346,79.4,31.1,,76.2586212158203,93.9564,8788700.0,92.0,9.44,54660.0,-5.4,487.0,56.1304,4.560797842684356,4.3799999999999955,10.900829624854799
CHE,Switzerland,0,46.8182,8.2275,10.07,96.7000003832463,8.1,1.33,32.3827380818297,100623.549627296,11783.66992188,84.0560975609756,2023,85.9,82.3,4.477,9.06104968621636,19.6113808360035,8888822.0,85.1854212679815,81.5,33.8,,74.0060882568359,,,95.0,14.02,95740.0,5.5,1350.0,46.8182,,3.6000000000000085,11.519151538957269
CHL,Chile,0,-35.6751,-71.543,7.56,97.7260945752252,6.495,1.167,25.0116461113584,17067.0364799154,1736.52038574,81.167,2023,83.084,79.24,3.334,23.2750668049145,13.6933190598527,19658835.0,88.8158617217972,76.7,43.0,96.4000015258789,104.734062194824,94.4574,742831.64,94.0,7.69,15950.0,8.5,1871.0,35.6751,26.46472490051716,3.8440000000000083,9.74496278163367
CHN,China,0,35.8617,104.1954,4.58,,7.87,0.999,24.0319389958256,12951.1782397043,763.37762451,77.953,2023,80.926,75.201,3.112,34.8105237153218,14.3160774690688,1410710000.0,65.5301448035523,80.5,36.0,96.7399978637695,74.5933014618366,90.6,9388210.0,95.0,8.95,13750.0,7.0,1840.0,35.8617,150.2640013378482,5.7250000000000085,9.469019256821174
COL,Colombia,0,4.5709,-74.2973,4.24,74.1523775311481,5.398,1.645,52.7661596214511,7000.83660501046,571.15496826,77.725,2023,80.452,74.95,2.535,14.1832514905064,9.37542803553496,52321152.0,78.275571579544,77.6,53.9,95.4625553716428,59.2901382446289,77.3369,1109500.0,93.0,4.96,6720.0,24.5,593.0,4.5709,47.15741505182515,5.501999999999995,8.85392776576825
CRI,Costa Rica,1,9.7489,-83.7534,3.4,80.5037076075396,5.457,1.33,60.3991382687035,16942.0268119375,1163.30224609,80.799,2023,83.42,78.129,2.687,14.3075712471404,11.7188426539051,5105525.0,78.8819393641702,75.9,46.7,,55.0202903747559,85.3951,51060.0,93.0,8.06,14260.0,25.1,746.0,9.7489,99.99069721895809,5.290999999999997,9.737611630635607
CZE,Czech Republic,0,49.8175,15.473,11.99,98.1457976100181,10.4,1.45,34.7623883740408,31761.5944102491,2671.08398438,79.8780487804878,2023,82.9,77.0,4.352,14.1110711384133,20.5459005583495,10864042.0,72.7352388396817,80.3,25.7,,66.7282867431641,85.994,77167.31,87.0,13.33,28540.0,7.5,433.0,49.8175,140.7855476626048,5.900000000000006,10.366044600004926
DEU,Germany,0,51.1657,10.4515,11.84,99.9168282325382,12.3,1.39,32.6789342643734,54776.7668235491,6394.62255859,80.5414634146342,2023,83.0,78.2,4.534,10.2876894329414,22.7900439454493,83287273.0,81.9034366692129,82.9,32.4,,78.5947494506836,92.4764,349430.0,96.0,12.9,55420.0,8.5,263.0,51.1657,238.35181009071917,4.799999999999997,10.91103967571281
DNK,Denmark,0,56.2639,9.5018,9.49,99.9188250709331,9.8,1.5,15.7815,68043.5466971243,6510.625,81.8536585365854,2023,83.8,80.0,4.498,9.06983927345931,20.6001829312424,5946952.0,88.552638542867,82.9,29.9,,81.2308197021484,98.7756,40000.0,95.0,10.46,72080.0,7.7,34.0,56.2639,148.6738,3.799999999999997,11.127917868162019
DZA,Algeria,0,28.0339,1.6596,0.54,68.9678679715734,4.641,2.766,0.830314224054683,5370.477235078,233.37947083,76.261,2023,77.696,74.895,1.66,25.5526558310447,6.37685866623239,46164219.0,74.732808364138,76.6,,,55.5320185816789,76.9081,2381740.0,99.0,2.18,4950.0,22.5,800.0,28.0339,19.382560229076223,2.801000000000002,8.588858240003601
ECU,Ecuador,0,-1.8312,-78.1834,2.54,69.6689253276622,5.128,1.823,49.5450958286359,6737.84748379638,509.49414063,77.392,2023,80.139,74.664,2.313,16.6570210758922,8.09288255232192,17980083.0,63.1307729554263,71.0,44.6,96.2600021362305,67.8851161961618,72.6943,248360.0,74.0,7.56,6590.0,22.0,1117.0,1.8312,72.39524480592688,5.474999999999994,8.81564419281541
EGY,Egypt,0,26.0975,30.0444,0.13,78.3429755014027,5.461,2.75,0.0451855944547692,3456.78968456253,141.41111755,71.633,2023,73.809,69.493,0.671,54.8587056496436,4.96968538776552,114535772.0,42.7098115041919,66.7,28.5,79.4565788949049,37.9005584716797,72.6899,995450.0,96.0,0.63,3840.0,22.1,321.0,26.0975,115.05929177758803,4.3160000000000025,8.14838484442906
ESP,Spain,0,40.4637,-3.7492,9.16,99.4743158229589,9.0,1.12,37.1925889548355,33493.2225409111,3106.62011719,83.8829268292683,2023,86.7,81.2,4.294,9.58105460690675,20.6537075238774,48352528.0,80.128491001856,80.0,33.4,99.6999969482422,93.7303466796875,,,96.0,8.72,32980.0,13.3,660.0,40.4637,,5.5,10.41912824147463
EST,Estonia,0,58.5953,25.0136,10.68,98.7763375997776,11.7,1.31,57.0652937046572,30264.0064885057,2258.4597168,78.490243902439,2023,83.1,74.1,3.469,6.14573290973003,20.9140825455897,1370286.0,70.6770085523126,77.1,30.7,,67.6179275512695,93.1834,42730.0,85.0,14.94,27650.0,5.2,61.0,58.5953,32.06847648022467,9.0,10.317747422715511
ETH,Ethiopia,0,9.145,40.4897,3.06,13.2056538612543,5.96,3.989,14.9308975782695,1055.81091592527,34.79846954,67.315,2023,70.726,64.078,0.143,27.3053276470482,3.17131039041743,128691692.0,23.0586471557617,69.7,31.1,60.4599990844727,,16.6981,1128498.8,68.0,6.07,1030.0,22.2,1330.0,9.145,114.03795201200036,6.647999999999996,6.963011082380044
FIN,Finland,0,61.9241,25.7482,9.08,99.6443238009603,11.0,1.26,73.7235162521384,52834.2916752703,5515.40478516,81.6853658536585,2023,84.4,79.1,3.609,4.89518090216668,23.5778747195571,5583911.0,74.0062548602828,79.0,27.4,,108.130409240723,93.5139,303960.0,94.0,14.57,52990.0,1.7,164.0,61.9241,18.37054546650875,5.300000000000011,10.874934649353323
FJI,Fiji,0,-16.5782,179.4144,3.58,41.9884712083528,9.255,2.281,63.4953475643131,5926.20586394763,212.88697815,67.316,2023,69.362,65.341,0.813,12.4187981716598,6.34304879480558,924145.0,58.6069049738768,67.7,30.7,,60.9679066767014,79.3485,18270.0,98.0,8.27,5670.0,25.6,146.0,16.5782,50.58264915161467,4.021000000000001,8.687308194430415
FRA,France,0,46.6034,1.8883,10.32,99.7084324009763,9.2,1.66,32.4764820484275,44700.1384177544,5149.0546875,82.9292682926829,2023,85.9,80.1,3.281,9.60038144780495,21.7491423914771,68372286.0,78.7804323126547,84.7,31.8,,70.4536437988281,86.8364,538950.0,95.0,16.58,45770.0,10.7,375.0,46.6034,126.86202059560256,5.800000000000011,10.70775424823607
GBR,United Kingdom,0,55.3781,-3.436,10.73,99.8319703795301,9.518,1.56,13.2907130161617,49944.4702124201,5407.17041016,81.2380975609756,2023,83.208,79.362,3.301,9.91288560282114,19.238129106618,68492000.0,83.1601932891335,78.3,32.4,,80.4987716674805,,,90.0,9.55,48830.0,,,55.3781,,3.8460000000000036,10.8186870935264
GHA,Ghana,0,7.9465,-1.0232,4.26,41.5409857140439,7.04,3.397,35.1921958573042,2383.90410483418,70.25730896,65.498,2023,67.943,63.134,0.266,54.2427873097724,3.6318149146467,33787914.0,57.8074737774654,68.6,43.5,76.4899978637695,22.0958254757285,69.9445,227533.0,90.0,5.32,2280.0,27.6,190.0,7.9465,148.49676310689,4.8089999999999975,7.776914194897397
GRC,Greece,1,39.0742,21.8243,5.81,96.881822442758,12.2,1.32,30.2699767261443,23343.7103964562,1962.59594727,81.5365853658537,2023,84.2,79.0,6.576,14.4089280374361,23.4829980176041,10407351.0,78.7746303842088,82.0,33.4,,165.113418579102,85.0102,128900.0,91.0,4.68,22300.0,15.5,498.0,39.0742,80.73972847168348,5.200000000000003,10.058125701950331
HRV,Croatia,0,45.1,15.2,7.65,87.1852397070888,13.3,1.46,34.785739814153,22184.2279304842,1548.33959961,78.4731707317073,2023,81.7,75.4,3.909,16.1208592960264,22.815365461733,3859686.0,57.2431560672198,76.9,30.1,,81.1775207519531,83.2412,55960.0,90.0,15.68,20750.0,10.7,331.0,45.1,68.97223016440314,6.299999999999997,10.007181937841107
HUN,Hungary,0,47.1625,19.5033,9.93,100.0,13.4,1.51,22.4484341442034,22230.6277875187,1419.87475586,76.7707317073171,2023,80.1,73.6,3.456,14.1364995764273,20.819084281895,9592186.0,70.2923026891431,77.8,30.6,,56.5924415588379,91.4501,91260.0,99.0,16.45,19840.0,9.8,143.0,47.1625,105.1083278544817,6.5,10.009271229087094
IDN,Indonesia,0,-0.7893,113.9213,0.074,30.3958763265858,7.531,2.127,47.7220336902463,4876.30774512252,131.77729797,71.146,2023,73.268,69.036,0.524,17.8814994983985,7.04854077766648,281190067.0,58.1179353397878,66.4,36.1,96.0,44.8813034886441,69.2084,1892555.47,82.0,1.2,4810.0,26.6,367.0,0.7893,148.57692229226973,4.231999999999999,8.492348655036148
IND,India,0,20.5937,78.9629,4.1,74.7331217386926,6.611,1.975,24.5390304689576,2530.12031278204,84.68669891,72.003,2023,73.598,70.522,0.723,48.3948115195574,6.92184330138637,1438069596.0,35.0676918424186,67.3,25.5,81.6999969482422,34.0091701770575,55.9,2973190.0,93.0,12.56,2580.0,24.0,621.0,20.5937,483.6790100868091,3.0759999999999934,7.836417295085842
IRL,Ireland,0,53.4129,-8.2439,10.77,95.6265995419887,6.6,1.5,11.5259108724053,106818.917130804,6877.9375,82.8609756097561,2023,84.5,81.3,3.875,8.17058601306707,15.5417068369309,5311538.0,64.1152082461268,79.9,29.0,,76.6049499511719,,68890.0,89.0,8.55,79280.0,9.3,118.0,53.4129,77.10172739149368,3.200000000000003,11.578899678109936
IRN,Iran,0,32.4279,53.688,0.51,94.2896157590203,4.672,1.695,6.64923611710324,5049.29931642754,267.059021,77.654,2023,79.628,75.786,1.811,32.2873733599003,7.91608360551928,90608707.0,76.6759567260742,76.4,35.9,88.9233339833467,58.6677703857422,79.6309,1622500.0,99.0,4.07,5070.0,17.0,1305.0,32.4279,55.845119876733435,3.8419999999999987,8.527202791092686
IRQ,Iraq,0,33.2232,43.6793,0.24,59.784174228685,4.132,3.249,1.90035242899592,5965.31835077761,333.29360962,72.324,2023,74.055,70.426,1.022,38.1750699787954,3.39670394377039,45074049.0,69.868278503418,73.9,29.8,84.0588635813164,,,434130.0,97.0,2.97,5920.0,22.4,312.0,33.2232,103.82615575979545,3.629000000000005,8.69388532449209
ISL,Iceland,0,64.9631,-19.0208,7.94,100.0,6.6,1.59,0.528744421303184,82138.7892973557,7064.62402344,82.6073170731707,2023,84.4,80.9,4.373,5.10554827500189,15.3483031550157,385663.0,94.1518261784801,83.9,26.8,,76.5200729370117,99.8301,100830.0,91.0,11.91,82630.0,1.0,557.0,64.9631,3.824883467222057,3.5,11.316177822342366
ISR,Israel,0,31.0461,34.8516,2.84,99.4751057094944,5.2,2.85,6.46950092421442,52003.7200729997,3927.69873047,83.1951219512195,2023,85.5,81.0,3.797,18.5982756348314,12.4157088880088,9849000.0,91.5089569794505,82.1,37.9,,55.8351593017578,,21640.0,98.0,4.37,54280.0,19.9,508.0,31.0461,455.1293900184843,4.5,10.85908976407877
ITA,Italy,1,41.8719,12.5674,6.97,96.7099330826952,11.2,1.2,32.8944947923712,39277.0838783918,3283.47216797,83.7,2023,85.8,81.7,4.191,14.6586386239905,24.2187831541913,58984216.0,69.5381540123301,84.3,34.3,99.3499984741211,75.9496536254883,,295720.0,95.0,6.99,38770.0,13.5,538.0,41.8719,199.45967807385364,4.099999999999994,10.578421980178561
JOR,Jordan,0,30.5852,36.2384,0.23,87.1198241622629,3.049,2.639,1.09804716534901,4466.08314208575,342.10394287,77.814,2023,80.192,75.709,2.851,28.7737639174179,4.32230327723143,11439213.0,92.682236868336,77.0,,94.8499984741211,33.0567036969523,,88794.0,95.0,0.6,4450.0,18.3,812.0,30.5852,128.82867085613893,4.48299999999999,8.40449093368971
JPN,Japan,1,36.2048,138.2529,6.38,98.7270242077337,13.0,1.2,68.3957811364628,33836.1756271617,3638.19287109,84.0412195121951,2023,87.14,81.09,2.649,12.835201662985,29.5618100807812,124516650.0,92.0826903891473,87.2,32.3,,64.8912200927734,,364569.27,94.0,17.43,39360.0,11.8,438.0,36.2048,341.54455749931964,6.049999999999997,10.429315347682643
KEN,Kenya,0,-0.0236,37.9062,2.47,,7.211,3.208,6.21662477880402,1942.58802756191,84.958992,63.646,2023,65.92,61.459,0.289,24.3917906517518,2.91330784287267,55339003.0,31.6330340816429,69.2,37.7,,8.67676730066979,,580876.3,91.0,4.58,2110.0,24.7,762.0,0.0236,95.26813712317062,4.4609999999999985,7.572291042583731
KOR,South Korea,0,35.9078,127.7669,7.79,99.2627847625887,6.0,0.721,64.108606557377,35674.095995632,3043.87329102,83.4292682926829,2023,86.4,80.6,2.61,25.9439899531653,18.3350235838597,51712619.0,81.1645551720421,83.8,32.9,,106.709167480469,,97600.0,97.0,27.53,38020.0,11.5,282.0,35.9078,529.8424077868852,5.800000000000011,10.482208133179034
LBN,Lebanon,0,33.8547,35.8623,1.26,47.7,5.962,2.239,14.1867057673509,3477.72489842684,260.8119812,77.817,2023,79.734,75.744,2.68,19.2310172881236,9.8244260298251,5773493.0,90.4524074197598,77.5,35.3,92.0144800114203,54.4012561547071,,10230.0,67.0,0.7,3700.0,15.3,1250.0,33.8547,564.3688172043011,3.989999999999995,8.15442109712649
LBY,Libya,0,26.3351,17.2283,0.012,,6.654,2.355,0.123327687918433,6026.51518708812,470.4034729,69.339,2023,70.416,68.265,2.042,32.9707065002742,4.8781294062589,7305659.0,87.8647197919848,74.2,,,,,1759540.0,73.0,5.0,6160.0,20.5,423.0,26.3351,4.1520278027211655,2.1509999999999962,8.704090129685188
LTU,Lithuania,0,55.1694,23.8813,12.1,96.7133919064612,12.9,1.18,35.2301501597444,27786.0057829276,2044.18371582,76.9878048780488,2023,81.7,72.5,4.466,9.21893860360944,19.8561787800633,2871585.0,68.575454583199,74.1,36.0,,77.0064163208008,,62600.0,87.0,22.12,25460.0,6.1,110.0,55.1694,45.87196485623003,9.200000000000003,10.232323772524637
LUX,Luxembourg,0,49.8153,6.1296,10.82,99.64948137305,6.6,1.25,34.4538272103664,133230.619178899,7510.99414063,83.3585365853659,2023,85.1,81.7,2.984,8.67476189540246,15.1061948765445,666430.0,94.8015300320787,82.8,33.6,,21.5371704101562,,2574.46,99.0,8.22,88480.0,8.7,325.0,49.8153,258.86205262462806,3.3999999999999915,11.799844390140926
LVA,Latvia,0,56.8796,24.6032,12.87,96.9699421478864,14.9,1.36,54.9959826450265,22710.2637544197,1645.4152832,75.6780487804878,2023,80.8,70.8,3.398,11.6020322023647,21.3320948408305,1883710.0,68.3586316343061,77.9,34.0,,85.7360610961914,,62230.0,97.0,15.21,21000.0,5.9,87.0,56.8796,30.27012694841716,10.0,10.030616281037897
MAR,Morocco,0,31.7917,-7.0926,0.5,79.1395765684932,5.638,2.23,12.9371068787811,3813.72607421875,232.24751282,75.313,2023,77.6,73.173,0.74,21.3212642117301,7.82574109038898,37712505.0,62.673750838878,71.5,,,47.4687039298036,,446300.0,98.0,2.91,3780.0,17.1,909.0,31.7917,84.50034730002241,4.4269999999999925,8.246624138838879
MDG,Madagascar,0,-18.7669,46.8691,0.99,21.6702513222532,7.528,3.972,21.2962600550017,508.718427705591,17.44003487,63.632,2023,65.377,61.938,0.172,12.7535199510191,3.33516236451659,31195932.0,31.9799438860946,61.9,36.8,74.6900024414062,6.1466638463036,,581800.0,51.0,6.09,510.0,23.0,615.0,18.7669,53.619683740116876,3.438999999999993,6.233858470715588
MEX,Mexico,0,23.6345,-102.5528,4.79,42.9097194858437,6.161,1.91,33.5959176419147,13860.9597809326,760.98840332,75.069,2023,77.811,72.243,2.588,14.9923440243315,7.98664578990007,129739759.0,79.4734935748046,74.7,43.5,95.8346901734281,47.474681854248,,1943950.0,76.0,6.95,12020.0,21.0,1111.0,23.6345,66.74027572725636,5.568000000000012,9.536903661083777
MKD,North Macedonia,0,41.6086,21.7453,4.36,80.7523940413047,11.0,1.5,39.7101506740682,8674.35846327485,639.41693115,75.3160975609756,2023,77.58,73.16,2.944,26.118651401474,17.5017325840163,1827816.0,62.2518322545779,75.2,33.5,,55.0082015991211,,,73.0,5.78,7940.0,11.5,741.0,41.6086,,4.420000000000002,9.068241925376322
MMR,Myanmar,0,21.9162,95.956,1.93,59.647182104066,9.153,2.115,42.4023779245254,1233.19666209269,56.18909836,66.889,2023,70.164,63.79,0.757,32.3150340028667,7.08914980516562,54133798.0,30.3820718069466,71.1,30.7,93.5471293315427,20.3723297119141,,652670.0,73.0,2.89,1220.0,25.0,702.0,21.9162,82.94206566871466,6.374000000000002,7.1181755613724444
MNE,Montenegro,0,42.7087,19.3744,10.34,85.4811892636332,10.1,1.74,61.4869888475836,12259.8775034436,1147.69787598,77.5878048780488,2023,80.2,75.1,2.783,17.9824100566499,17.4661274844054,623529.0,65.4731667624849,71.6,34.3,98.5299987792969,55.1743011474609,,13450.0,24.0,11.31,11550.0,10.6,1086.0,42.7087,46.35903345724907,5.1000000000000085,9.414168781434872
MOZ,Mozambique,0,-18.6657,35.5296,1.89,26.4356121564997,7.002,4.763,45.8130349195046,622.000297682823,52.96166611,63.611,2023,66.544,60.301,0.175,20.0802484321177,2.76676995144367,33635160.0,35.7149783148407,60.5,49.6,61.6778205151772,7.4630510423433,,786380.0,65.0,10.61,540.0,24.0,345.0,18.6657,42.77214578193749,6.242999999999995,6.434546996608884
MYS,Malaysia,0,4.2105,101.9758,0.74,94.6204664000227,5.158,1.55,57.7190381981434,11386.0395636528,450.33853149,76.657,2023,79.37,74.272,2.341,16.1938532237922,7.45117376160733,35126298.0,76.4434752105739,75.3,40.7,95.7699966430664,37.2745812491757,,328550.0,96.0,5.65,11700.0,27.0,538.0,4.2105,106.91309694110485,5.097999999999999,9.34023110726253
NAM,Namibia,0,-22.9576,18.4904,5.05,,6.169,3.212,7.80511120018463,4187.60500396525,397.09063721,67.385,2023,71.337,63.327,0.553,19.9945355710926,3.57118148422511,2963095.0,49.9545837830821,60.4,59.1,87.6399993896484,26.1092654658031,,823290.0,86.0,8.59,4290.0,19.5,1141.0,22.9576,3.5990902355184686,8.010000000000005,8.340123022866651
NGA,Nigeria,0,9.082,8.6753,3.78,29.4651386798622,11.74,4.482,23.2078900271199,2138.76383719983,66.82009125,54.462,2023,54.743,54.176,0.38,56.5313287289257,3.02816298955589,227882945.0,62.1746763155343,64.8,33.9,63.1599998474121,,,,54.0,4.99,2590.0,27.0,380.0,9.082,,0.5670000000000002,7.668450745477498
NLD,Netherlands,0,52.1326,5.2913,8.71,99.9610869442031,9.5,1.43,11.0574428274428,63515.6030780019,6371.85595703,81.9146341463415,2023,83.4,80.5,3.876,10.8892498470498,20.1567559021407,17877117.0,95.3221682092129,79.6,25.7,,86.5938262939453,,,89.0,11.5,62550.0,9.3,30.0,52.1326,,2.9000000000000057,11.059056616499864
NOR,Norway,0,60.472,8.4689,7.38,99.0904537812149,7.9,1.4,33.5009745518434,87497.2179649556,8296.35546875,83.1121951219512,2023,84.7,81.6,4.975,6.05589724673443,18.5338475896816,5519601.0,83.0718560702166,81.5,26.5,,95.0573806762695,,,96.0,13.19,101640.0,1.5,460.0,60.472,,3.1000000000000085,11.37937370602352
NZL,New Zealand,0,-40.9006,174.886,10.02,99.999999971682,7.23,1.56,37.7892841137822,49075.9562832927,4997.24316406,83.0048780487805,2023,84.9,81.2,3.611,6.48591499675774,16.7985801212333,5200000.0,83.8898991461229,84.0,,,76.3811416625977,,,89.0,11.92,49020.0,10.5,388.0,40.9006,,3.700000000000003,10.801144881483978
PAK,Pakistan,0,30.3753,69.3451,0.084,44.9713055615103,6.466,3.605,4.67242631797426,1360.32417758419,30.48608398,67.649,2023,70.163,65.332,1.16,42.9981734249878,4.19627145721884,247504495.0,38.8191861872791,66.0,29.6,58.8600006103516,10.4770304814137,,,84.0,5.64,1450.0,20.2,900.0,30.3753,,4.831000000000003,7.216213165019043
PER,Peru,0,-9.19,-75.0152,6.45,50.1854352404262,5.491,1.98,56.103020234375,7887.54185920108,445.52667236,77.74,2023,80.123,75.413,1.688,27.0356284968814,8.99256615708912,33845617.0,84.7810255849745,68.8,40.7,94.5,71.2404708862305,,,84.0,1.54,7080.0,18.0,1555.0,9.19,,4.710000000000008,8.973166588040922
PHL,Philippines,0,12.8797,121.774,5.66,48.244145697978,6.236,1.916,24.4600731126539,3804.08274131097,194.05484009,69.833,2023,72.819,66.893,0.792,20.2887417122616,5.26217156111322,114891199.0,55.1242716168851,63.4,39.3,98.4700012207031,44.2394203278519,,,81.0,3.49,4320.0,26.6,442.0,12.8797,,5.926000000000002,8.244093015476171
PNG,Papua New Guinea,0,-6.3149,143.9555,1.13,,6.516,3.099,78.9541359360509,2966.06830432055,85.15021515,66.134,2023,69.085,63.739,0.061,17.3105425567239,3.34830819369497,10389635.0,15.0581017891206,64.2,,87.144148905762,,,,52.0,1.82,2800.0,25.3,667.0,6.3149,,5.3459999999999965,7.995329641367443
POL,Poland,0,51.9194,19.1451,11.66,89.1886328736699,11.1,1.158,31.0804192379273,22145.2660647429,1577.98168945,78.5073170731707,2023,82.4,74.8,4.031,17.9583314936851,19.5609114692528,36687353.0,59.8859561370214,79.4,28.5,,76.8794097900391,,,92.0,13.67,19890.0,7.8,173.0,51.9194,,7.6000000000000085,10.005424186307753
PRT,Portugal,0,39.3999,-8.2245,8.88,95.1650547592568,11.2,1.44,36.154994891142,27634.6183139773,2762.26293945,82.2804878048781,2023,85.2,79.5,5.851,8.45242266236737,24.1115106141099,10578174.0,61.2048652633664,83.9,33.9,,77.6778182983398,,,98.0,11.52,26340.0,15.2,372.0,39.3999,,5.700000000000003,10.226860738324184
PRY,Paraguay,0,-23.4425,-58.4438,5.62,64.2916963189796,5.703,2.422,38.5449252640128,6299.99026533713,526.5098877,73.844,2023,76.953,70.886,3.893,10.0891599097852,6.36927529015307,6844146.0,69.3466081733694,73.2,44.2,94.5400009155273,,,,83.0,6.36,6210.0,23.0,178.0,23.4425,,6.067000000000007,8.748462085001508
ROU,Romania,0,45.9432,24.9668,16.8,82.1241205778657,12.7,1.71,30.1158292767733,18244.4186876321,1050.99755859,76.6073170731707,2023,80.5,72.9,3.625,14.8501731264834,19.7531409207066,19061062.0,52.1645747011867,76.5,29.8,99.1600036621094,55.1682891845703,,,78.0,9.62,16590.0,8.8,414.0,45.9432,,7.599999999999994,9.81166929668245
RUS,Russia,0,61.524,105.3188,10.53,76.1864085675689,12.1,1.41,49.7843605035639,14159.3876953125,1003.33166504,73.2546341463415,2023,78.73,68.04,5.111,11.2727775886895,16.6046427349856,143826130.0,74.9805047873279,65.6,33.0,99.9300003051758,93.7277679443359,,,97.0,21.37,14460.0,-5.1,600.0,61.524,,10.689999999999998,9.558203746485361
SAU,Saudi Arabia,0,23.8859,45.0792,0.0,,2.34,2.28,0.454484134921779,36156.848337701,1825.2545166,78.732,2023,81.156,77.097,3.406,53.1486013629285,2.81950386919403,33702731.0,84.2962388315415,77.4,,97.5899963378906,69.3457565307617,,,97.0,0.95,36330.0,25.1,665.0,23.8859,,4.059000000000012,10.495649308800424
SGP,Singapore,0,1.3521,103.8198,1.81,100.0,6.2,0.97,20.933147632312,85412.230345235,3921.60253906,82.8951219512195,2023,85.2,80.7,2.834,13.8691955865476,13.0953667239036,5917648.0,100.0,86.3,,97.6500015258789,97.2886546863037,,,97.0,8.1,69850.0,27.0,15.0,1.3521,,4.5,11.355256289852827
SRB,Serbia,0,44.0165,21.0059,7.89,74.9328071950771,14.7,1.61,32.3896349149721,12281.707946167,983.69372559,76.2209756097561,2023,78.7,73.86,3.099,22.5075355689004,22.3383596618497,6623183.0,62.1434649229738,75.6,32.8,99.3399963378906,73.2060012817383,,,84.0,15.14,10750.0,10.6,473.0,44.0165,,4.840000000000003,9.415947694179724
SVK,Slovakia,0,48.669,19.699,10.67,99.5137496061142,10.0,1.49,40.05615640599,24614.8734642794,1813.46618652,78.0170731707317,2023,81.5,74.7,3.697,15.3916194257365,18.0508365765507,5426740.0,53.190805019646,71.1,23.8,,53.417610168457,,,94.0,9.91,22710.0,8.1,458.0,48.669,,6.799999999999997,10.111146776603526
SVN,Slovenia,0,46.1512,14.9955,10.41,99.5745942010052,10.2,1.51,61.1748938389332,32660.4753581346,3037.7644043,81.9780487804878,2023,85.0,79.1,3.367,14.2911527506818,21.3323429613727,2120461.0,55.5378927789875,77.5,24.7,,80.0806884765625,,,95.0,18.85,31020.0,8.3,492.0,46.1512,,5.900000000000006,10.393951538747734
SWE,Sweden,0,60.1282,18.6435,9.57,99.7602354276088,9.0,1.45,68.7013529108454,54950.2834725622,6206.23046875,83.309756097561,2023,85.0,81.7,4.408,5.63670790600148,20.5364235623884,10536632.0,88.631216160938,84.3,29.3,,81.3998184204102,,,93.0,13.84,60300.0,2.1,320.0,60.1282,,3.299999999999997,10.914202316657487
SYR,Syria,0,34.8021,38.9968,0.092,,5.039,2.712,2.84310842454937,1051.67149587463,33.34017944,72.12,2023,74.412,69.829,1.521,24.7058382627422,4.68683691195235,23594623.0,72.1673803143204,70.6,26.6,94.4199981689453,43.7606582641602,,,74.0,0.59,710.0,17.5,514.0,34.8021,,4.583000000000013,6.9590864937316
THA,Thailand,0,15.87,100.9925,7.99,,8.888,1.212,38.6873886746658,7195.10130919449,326.50482178,76.412,2023,80.861,72.161,0.541,31.0072016277159,14.7182560815403,71702435.0,60.9341926574707,71.8,33.5,91.0999984741211,45.4407811172674,,,93.0,16.59,7190.0,27.2,287.0,15.87,,8.700000000000003,8.881294673514192
TUN,Tunisia,0,33.8869,9.5375,1.71,66.3789813342294,6.071,1.832,4.55278063851699,3951.11683376921,317.70983887,76.508,2023,79.149,73.918,1.315,24.1829826735327,9.16627453571107,12200431.0,70.0266686486584,76.8,33.7,86.25,38.1219482421875,,,96.0,1.84,3850.0,19.2,246.0,33.8869,,5.2309999999999945,8.282006621631487
TUR,Turkey,0,38.9637,35.2433,1.69,,6.2,1.51,29.4795681041539,13375.0947282864,547.8145752,77.156,2023,79.855,74.529,2.236,21.6120469179783,10.0010276668343,85325965.0,89.0218446796121,72.5,44.5,97.2600021362305,127.577972412109,,,95.0,2.69,11980.0,11.1,1132.0,38.9637,,5.326000000000008,9.501224417258616
TZA,Tanzania,0,-6.369,34.8888,10.95,30.6397315445459,5.791,4.606,50.0541883043576,1224.00219726563,36.25619888,66.995,2023,69.775,64.198,0.134,25.081431153535,3.04319999848689,66617606.0,35.4748019434954,65.2,40.5,78.2099990844727,5.16887784940301,,,84.0,5.1,1220.0,23.0,1018.0,6.369,,5.577000000000012,7.110697916663447
UGA,Uganda,0,1.3733,32.2903,11.3,17.5161979203242,4.842,4.283,11.0419703770197,1002.30913917142,45.21318436,68.252,2023,71.116,65.268,0.191,33.8077192571642,2.15058279399148,48656601.0,30.6059359395495,69.0,42.7,79.0582329588683,,,,90.0,5.5,970.0,22.3,1100.0,1.3733,,5.847999999999999,6.911058955001432
URY,Uruguay,0,-32.5228,-55.7658,5.61,,9.783,1.409,11.9643469317792,23019.4221560046,2076.09423828,78.138,2023,81.92,74.192,4.674,10.5717923259135,15.8128179067764,3388081.0,95.5439605712891,78.7,40.9,98.8671517186373,79.9536903496537,,,96.0,24.75,19880.0,17.5,109.0,32.5228,,7.728000000000009,10.044137020769956
USA,United States,1,39.8283,-98.5795,9.9,97.5661860919937,9.2,1.6165,33.8669264120375,81032.262117545,13473.19335938,78.3853658536585,2023,81.1,75.8,3.681,7.81485752365112,17.4318194823539,336806231.0,80.071561119178,76.4,41.8,,79.361930847168,,,92.0,15.63,80000.0,8.5,760.0,39.8283,,5.299999999999997,11.30261499279012
VEN,Venezuela,0,6.4238,-66.5897,1.99,,7.56,2.079,52.2338793719177,3617.43594578269,185.99124146,72.514,2023,76.501,68.72,1.664,15.2565796212874,9.33356816723623,28300854.0,89.249627620225,71.2,,97.1867494381301,,,,68.0,8.63,3030.0,25.3,450.0,6.4238,,7.781000000000006,8.193797152279306
VNM,Vietnam,0,14.0583,108.2772,8.04,58.0748561463973,6.577,1.913,47.4454820708996,4323.35031982451,197.19210815,74.588,2023,79.264,69.877,1.107,20.8010641731194,8.62116598619573,100352192.0,38.1298904418945,78.0,36.1,96.129997253418,32.8415128147815,,,82.0,7.3,4150.0,24.4,398.0,14.0583,,9.387,8.37201719301309
ZAF,South Africa,0,-30.5595,22.9375,7.13,68.552079732364,9.239,2.216,13.965072665672,6034.27208964673,536.58843994,66.139,2023,69.599,62.609,0.794,23.753069242361,6.51509367622564,63212384.0,63.5823705163545,64.0,,90.0,23.493768799339,,,80.0,22.3,6490.0,17.5,1034.0,30.5595,,6.990000000000002,8.705376217792328
ZMB,Zambia,0,-13.1339,27.8493,3.62,,5.207,4.101,59.523784150984,1330.72780576709,79.55635071,66.349,2023,68.673,63.936,0.324,24.3085919008655,1.89885236729554,20723965.0,45.0285853521585,63.1,51.5,82.0418064991238,,,,83.0,7.13,1270.0,21.4,1138.0,13.1339,,4.737000000000002,7.194232480193316
ZWE,Zimbabwe,0,-19.0154,29.1549,2.67,25.6360698019271,7.614,3.724,44.7366421093447,2195.22492079245,62.92946243,62.775,2023,65.013,60.226,0.136,19.4941796611344,3.61832175940481,16340822.0,39.2919370795795,58.5,50.3,93.2300033569336,11.0489020370076,,,90.0,17.34,2550.0,20.3,961.0,19.0154,,4.787000000000006,7.694495220331931
